target_label,target_mz,g_bin,g_center,baseline,compare,delta_p_success,ratio_mad_success
T11,1529.53,0,0.0024256716107577984,ModeA_points,ModeB_holdout_points,0.0357142857142857,0.39942995763894723
T11,1529.53,1,0.009229208595182468,ModeA_points,ModeB_holdout_points,-0.11363636363636365,1.7230981906259268
T11,1529.53,2,0.02056936059538888,ModeA_points,ModeB_holdout_points,0.375,
T11,1529.53,3,0.04426358077320648,ModeA_points,ModeB_holdout_points,0.08333333333333331,0.6446012448739799
T11,1529.53,4,0.09704230555599858,ModeA_points,ModeB_holdout_points,-0.375,0.5648438697322753
T11,1529.53,5,0.1407229600705405,ModeA_points,ModeB_holdout_points,0.1029411764705882,3.2227392338740124
T11,1529.53,6,0.15656517450491197,ModeA_points,ModeB_holdout_points,0.29545454545454547,2.4358093106053227
T11,1529.53,7,0.5807614056933623,ModeA_points,ModeB_holdout_points,0.12425403777716948,0.9890127207885018
