target_label,target_mz,g_bin,g_center,baseline,compare,delta_p_success,ratio_mad_success
T02,1359.47,0,0.00569866436721068,ModeA_points,ModeB_holdout_points,-0.3181818181818182,2.6323508502302584
T02,1359.47,1,0.02876741847903696,ModeA_points,ModeB_holdout_points,-0.14423076923076922,0.40350085119309126
T02,1359.47,2,0.0889835613482258,ModeA_points,ModeB_holdout_points,-0.20833333333333337,0.2083199799836728
T02,1359.47,3,0.13846613963391358,ModeA_points,ModeB_holdout_points,-0.3522727272727273,0.16215057380346615
T02,1359.47,4,0.15434882613821935,ModeA_points,ModeB_holdout_points,0.425,0.01714720382071634
T02,1359.47,5,0.1647832953661028,ModeA_points,ModeB_holdout_points,-0.23863636363636365,0.0
T02,1359.47,6,0.17120579175793643,ModeA_points,ModeB_holdout_points,-0.04166666666666663,0.9100290911746683
T02,1359.47,7,0.5866111563031892,ModeA_points,ModeB_holdout_points,0.005468215994531844,0.9772550114761537
