target_label,target_mz,g_bin,g_center,baseline,compare,delta_p_success,ratio_mad_success
T09,816.15,0,0.007481349418913531,ModeA_points,ModeB_holdout_points,0.0625,2.8699846843033203
T09,816.15,1,0.027595906545903895,ModeA_points,ModeB_holdout_points,0.125,
T09,816.15,2,0.07976612835461566,ModeA_points,ModeB_holdout_points,-0.2678571428571429,1.8430088224624501
T09,816.15,3,0.1345425418262956,ModeA_points,ModeB_holdout_points,0.022727272727272707,2.9195383610183336
T09,816.15,4,0.1521911981505308,ModeA_points,ModeB_holdout_points,0.1826923076923077,0.37846317742276747
T09,816.15,5,0.16262074072392968,ModeA_points,ModeB_holdout_points,0.07499999999999996,0.733752119467833
T09,816.15,6,0.169817032740045,ModeA_points,ModeB_holdout_points,-0.050000000000000044,0.6258439065971155
T09,816.15,7,0.5862305215505816,ModeA_points,ModeB_holdout_points,0.06968263355016746,0.9903573739081348
