target_label,target_mz,g_bin,g_center,baseline,compare,delta_p_success,ratio_mad_success
T06,874.45,0,0.0082424044675146,ModeA_points,ModeB_holdout_points,-0.04545454545454547,6.36038564866762
T06,874.45,1,0.028433427589498364,ModeA_points,ModeB_holdout_points,0.375,0.957678899179213
T06,874.45,2,0.08120003595864428,ModeA_points,ModeB_holdout_points,-0.17857142857142855,0.6239484993677664
T06,874.45,3,0.1345425418262956,ModeA_points,ModeB_holdout_points,-0.041666666666666685,0.6284230932485655
T06,874.45,4,0.1521911981505308,ModeA_points,ModeB_holdout_points,0.11538461538461536,2.4475069863559407
T06,874.45,5,0.16262074072392968,ModeA_points,ModeB_holdout_points,0.25,1.2954035206886207
T06,874.45,6,0.169817032740045,ModeA_points,ModeB_holdout_points,0.07500000000000001,16.118292622465486
T06,874.45,7,0.5862305215505816,ModeA_points,ModeB_holdout_points,-0.061355708797479536,1.1499926121326607
