target_label,target_mz,g_bin,g_center,baseline,compare,delta_p_success,ratio_mad_success
T03,1359.59,0,0.005316659071309933,ModeA_points,ModeB_holdout_points,0.125,0.8628556646083357
T03,1359.59,1,0.02116217298599692,ModeA_points,ModeB_holdout_points,-0.041666666666666685,0.7561352788804351
T03,1359.59,2,0.0723230657588784,ModeA_points,ModeB_holdout_points,-0.25,0.5119666423371457
T03,1359.59,3,0.1263063164557513,ModeA_points,ModeB_holdout_points,0.5,1.5448670843037389
T03,1359.59,4,0.1461649808271278,ModeA_points,ModeB_holdout_points,0.1875,
T03,1359.59,5,0.16006722105024662,ModeA_points,ModeB_holdout_points,-0.1,
T03,1359.59,6,0.16798612839647648,ModeA_points,ModeB_holdout_points,0.024999999999999994,
T03,1359.59,7,0.5853018247701445,ModeA_points,ModeB_holdout_points,0.018642491864249183,1.5481236566193763
