target_label,target_mz,g_bin,g_center,baseline,compare,delta_p_success,ratio_mad_success
T05,816.22,0,0.0,ModeA_points,ModeB_holdout_points,-0.125,0.5296742684165237
T05,816.22,1,0.0,ModeA_points,ModeB_holdout_points,0.0,1.522489124076553
T05,816.22,2,0.0,ModeA_points,ModeB_holdout_points,0.0,3.141100491470777
T05,816.22,3,0.0,ModeA_points,ModeB_holdout_points,0.0,1.5765058718261817
T05,816.22,4,0.000346313614917381,ModeA_points,ModeB_holdout_points,0.0,1.5082467847888885
T05,816.22,5,0.0016839747538813258,ModeA_points,ModeB_holdout_points,0.0,0.4412201820473419
T05,816.22,6,0.0034036786689778187,ModeA_points,ModeB_holdout_points,0.0625,0.93476878624415
T05,816.22,7,0.5022270932836347,ModeA_points,ModeB_holdout_points,0.035076530612244916,1.154672834542549
