target_label,target_mz,g_bin,g_center,baseline,compare,delta_p_success,ratio_mad_success
T03,1359.59,0,0.022986548068242692,ModeA_points,ModeB_holdout_points,0.6666666666666666,
T03,1359.59,1,0.0783256882213965,ModeA_points,ModeB_holdout_points,0.125,1.1876155361732317
T03,1359.59,2,0.11157158188964059,ModeA_points,ModeB_holdout_points,-0.25,3.820551850806963
T03,1359.59,3,0.12802480428482033,ModeA_points,ModeB_holdout_points,-0.25,0.5163037374798185
T03,1359.59,4,0.1403827790511029,ModeA_points,ModeB_holdout_points,-0.11363636363636365,1.1979915186063055
T03,1359.59,5,0.14886098784471125,ModeA_points,ModeB_holdout_points,0.07065217391304346,0.999865704144572
T03,1359.59,6,0.1555160814909291,ModeA_points,ModeB_holdout_points,-0.3529411764705882,1.257795927139324
T03,1359.59,7,0.5792964013078373,ModeA_points,ModeB_holdout_points,-0.0868753298420818,0.86931551280997
