{
  "qlo": 0.1,
  "qhi": 0.9,
  "tic_lo": 2736306.658718154,
  "tic_hi": 45221987.78637695
}