target_label,target_mz,g_bin,g_center,baseline,compare,delta_p_success,ratio_mad_success
T03,1359.59,0,0.005316659071309933,ModeA_points,ModeB_holdout_points,0.3125,1.9511299449281705
T03,1359.59,1,0.02116217298599692,ModeA_points,ModeB_holdout_points,-0.19444444444444442,0.38645568920992207
T03,1359.59,2,0.0723230657588784,ModeA_points,ModeB_holdout_points,0.1785714285714286,1.6020118391129718
T03,1359.59,3,0.1263063164557513,ModeA_points,ModeB_holdout_points,0.125,1.7076645511340796
T03,1359.59,4,0.1461649808271278,ModeA_points,ModeB_holdout_points,0.3125,0.37979972048620536
T03,1359.59,5,0.16006722105024662,ModeA_points,ModeB_holdout_points,-0.25,0.9431509351880092
T03,1359.59,6,0.16798612839647648,ModeA_points,ModeB_holdout_points,-0.35,0.3987860645873778
T03,1359.59,7,0.5853018247701445,ModeA_points,ModeB_holdout_points,0.07019990701999074,0.7806752517973554
