target_label,target_mz,g_bin,g_center,baseline,compare,delta_p_success,ratio_mad_success
T11,1529.53,0,0.0021408086099869088,ModeA_points,ModeB_points,0.02777777777777779,152.82469251966972
T11,1529.53,1,0.006415836645672554,ModeA_points,ModeB_points,-0.25,0.0
T11,1529.53,2,0.019774010349121622,ModeA_points,ModeB_points,-0.32142857142857145,10.812551775669078
T11,1529.53,3,0.06155860160992231,ModeA_points,ModeB_points,0.08333333333333337,3.852511493935551
T11,1529.53,4,0.09674844004369368,ModeA_points,ModeB_points,0.125,1.660750828611143
T11,1529.53,5,0.1089644432712655,ModeA_points,ModeB_points,-0.25,1.0513669084858388
T11,1529.53,6,0.12578465465362998,ModeA_points,ModeB_points,0.16346153846153844,0.7725827303500218
T11,1529.53,7,0.5675387117490844,ModeA_points,ModeB_points,-0.10733641771315261,5.976793414733507
