target_label,target_mz,g_bin,g_center,baseline,compare,delta_p_success,ratio_mad_success
T12,816.35,0,0.004536677159087012,ModeA_points,ModeB_points,0.0,
T12,816.35,1,0.03837856448675269,ModeA_points,ModeB_points,0.20833333333333331,
T12,816.35,2,0.0816358193331284,ModeA_points,ModeB_points,0.125,1.2199663601315938
T12,816.35,3,0.10501403164293269,ModeA_points,ModeB_points,0.17500000000000004,0.4122550807684224
T12,816.35,4,0.12428785300457175,ModeA_points,ModeB_points,-0.33653846153846156,0.4994725880565991
T12,816.35,5,0.13916901305263268,ModeA_points,ModeB_points,-0.30000000000000004,0.34387275977638915
T12,816.35,6,0.1514242484195237,ModeA_points,ModeB_points,-0.19444444444444442,1.474645051783482
T12,816.35,7,0.5794386163851575,ModeA_points,ModeB_points,-0.05687372256287215,0.9050568853689223
