target_label,target_mz,g_bin,g_center,baseline,compare,delta_p_success,ratio_mad_success
T03,1359.59,0,0.024270520016971782,ModeA_points,ModeB_points,0.19318181818181818,
T03,1359.59,1,0.07286155329274938,ModeA_points,ModeB_points,0.4144736842105263,1.5666466609155871
T03,1359.59,2,0.10449188354485281,ModeA_points,ModeB_points,0.10227272727272729,4.114049490690755
T03,1359.59,3,0.12428785300457175,ModeA_points,ModeB_points,-0.1346153846153846,0.6375297168768533
T03,1359.59,4,0.13916901305263268,ModeA_points,ModeB_points,-0.04999999999999999,0.6641637679018848
T03,1359.59,5,0.15052366605188,ModeA_points,ModeB_points,0.0,5.137866993306643
T03,1359.59,6,0.15903123329390342,ModeA_points,ModeB_points,-0.10714285714285715,0.12739249702422906
T03,1359.59,7,0.5808853194327793,ModeA_points,ModeB_points,-0.07240437158469942,6.329494976319799
