target_label,target_mz,g_bin,g_center,baseline,compare,delta_p_success,ratio_mad_success
T02,1359.47,0,0.007940820904474377,ModeA_points,ModeB_points,0.375,
T02,1359.47,1,0.03970340007685269,ModeA_points,ModeB_points,0.41666666666666663,
T02,1359.47,2,0.08142512747931963,ModeA_points,ModeB_points,0.1111111111111111,0.0
T02,1359.47,3,0.10515980938415374,ModeA_points,ModeB_points,0.55,1.534082763405951
T02,1359.47,4,0.12429149635278947,ModeA_points,ModeB_points,-0.22499999999999998,0.8101142040971556
T02,1359.47,5,0.13916901305263268,ModeA_points,ModeB_points,0.1333333333333333,0.8970743715721305
T02,1359.47,6,0.15052366605188,ModeA_points,ModeB_points,-0.09375,0.7144071196360746
T02,1359.47,7,0.5782071625459475,ModeA_points,ModeB_points,-0.0130385487528345,0.9248837878091031
