target_label,target_mz,g_bin,g_center,baseline,compare,delta_p_success,ratio_mad_success
T10,1359.91,0,0.009376599136565869,ModeA_points,ModeB_points,0.0,
T10,1359.91,1,0.05585570189367714,ModeA_points,ModeB_points,0.1323529411764706,0.7609447792990819
T10,1359.91,2,0.09690081413502159,ModeA_points,ModeB_points,-0.125,0.0
T10,1359.91,3,0.10968952997710396,ModeA_points,ModeB_points,-0.25,0.0
T10,1359.91,4,0.12680570327052806,ModeA_points,ModeB_points,-0.11290322580645162,0.9164333764598727
T10,1359.91,5,0.14137517392189133,ModeA_points,ModeB_points,-0.0357142857142857,1.6844704942849598
T10,1359.91,6,0.1522774138390901,ModeA_points,ModeB_points,0.1077586206896552,0.9651219938051637
T10,1359.91,7,0.5794386163851575,ModeA_points,ModeB_points,0.10586528497409325,0.9663262460102421
