target_label,target_mz,g_bin,g_center,baseline,compare,delta_p_success,ratio_mad_success
T01,1359.8,0,0.02856740579239219,ModeA_points,ModeB_points,-0.2727272727272727,0.0
T01,1359.8,1,0.07843906541447432,ModeA_points,ModeB_points,0.125,0.5661923955110021
T01,1359.8,2,0.10515980938415374,ModeA_points,ModeB_points,0.125,0.20086335781864573
T01,1359.8,3,0.12429149635278947,ModeA_points,ModeB_points,-0.06499999999999995,2.250083843877606
T01,1359.8,4,0.13916901305263268,ModeA_points,ModeB_points,-0.19166666666666665,0.9744043939317535
T01,1359.8,5,0.15052366605188,ModeA_points,ModeB_points,0.1875,1.690938404654109
T01,1359.8,6,0.15903123329390342,ModeA_points,ModeB_points,0.125,36.75113177156245
T01,1359.8,7,0.5808853194327793,ModeA_points,ModeB_points,-0.15710382513661203,4.761363743497523
