target_label,target_mz,g_bin,g_center,baseline,compare,delta_p_success,ratio_mad_success
T09,816.15,0,0.007171815552931395,ModeA_points,ModeB_points,0.05147058823529413,
T09,816.15,1,0.038181500435962745,ModeA_points,ModeB_points,-0.011363636363636354,3.1059452821416818
T09,816.15,2,0.07899819337937795,ModeA_points,ModeB_points,-0.38888888888888884,0.615716168886706
T09,816.15,3,0.10516345273237146,ModeA_points,ModeB_points,-0.25,1.1549394127701775
T09,816.15,4,0.12459349817271292,ModeA_points,ModeB_points,-0.33333333333333337,3.3691752102649533
T09,816.15,5,0.13916901305263268,ModeA_points,ModeB_points,-0.10833333333333328,1.9456806005275051
T09,816.15,6,0.15125596273601696,ModeA_points,ModeB_points,-0.22983870967741937,1.7344782273880097
T09,816.15,7,0.5789640015366174,ModeA_points,ModeB_points,-0.040364803242695535,1.1048033791854857
