target_label,target_mz,g_bin,g_center,baseline,compare,delta_p_success,ratio_mad_success
T06,874.45,0,0.009376599136565869,ModeA_points,ModeB_points,0.17045454545454541,681764.6865515352
T06,874.45,1,0.04550370612696021,ModeA_points,ModeB_points,-0.25,11.58220319574578
T06,874.45,2,0.08390678701438341,ModeA_points,ModeB_points,0.2857142857142857,8.242406137924984
T06,874.45,3,0.10501403164293269,ModeA_points,ModeB_points,0.07500000000000001,0.20213919553330442
T06,874.45,4,0.12428785300457175,ModeA_points,ModeB_points,0.125,0.6397530789306785
T06,874.45,5,0.13916901305263268,ModeA_points,ModeB_points,-0.3,1.5556819578061816
T06,874.45,6,0.15052366605188,ModeA_points,ModeB_points,-0.0625,0.5451968921099298
T06,874.45,7,0.5782071625459475,ModeA_points,ModeB_points,0.0329059829059829,1.0172272603120107
