target_label,target_mz,g_bin,g_center,baseline,compare,delta_p_success,ratio_mad_success
T08,816.28,0,0.0041634804246909116,ModeA_points,ModeB_points,-0.125,
T08,816.28,1,0.023546851096294428,ModeA_points,ModeB_points,0.25,
T08,816.28,2,0.06690455826635652,ModeA_points,ModeB_points,0.03947368421052633,1.1411033388537493
T08,816.28,3,0.10333802166746439,ModeA_points,ModeB_points,-0.045454545454545414,0.47518074295087953
T08,816.28,4,0.1224173824031822,ModeA_points,ModeB_points,-0.02717391304347827,7.213878341762515
T08,816.28,5,0.137604230234845,ModeA_points,ModeB_points,0.22115384615384615,
T08,816.28,6,0.148977892139117,ModeA_points,ModeB_points,0.15540540540540543,
T08,816.28,7,0.5776966929879644,ModeA_points,ModeB_points,-0.08711646355247749,0.8321589939257822
