target_label,target_mz,g_bin,g_center,baseline,compare,delta_p_success,ratio_mad_success
T01,1359.8,0,0.02856740579239219,ModeA_points,ModeB_points,-0.06818181818181818,0.04672174655510894
T01,1359.8,1,0.07843906541447432,ModeA_points,ModeB_points,0.09999999999999998,0.7035782021749969
T01,1359.8,2,0.10515980938415374,ModeA_points,ModeB_points,0.425,0.36754063645004326
T01,1359.8,3,0.12429149635278947,ModeA_points,ModeB_points,-0.05499999999999999,0.2486536272411394
T01,1359.8,4,0.13916901305263268,ModeA_points,ModeB_points,-0.13333333333333336,6.599366922869449
T01,1359.8,5,0.15052366605188,ModeA_points,ModeB_points,0.34375,
T01,1359.8,6,0.15903123329390342,ModeA_points,ModeB_points,0.30357142857142855,
T01,1359.8,7,0.5808853194327793,ModeA_points,ModeB_points,-0.08333333333333337,1.2863526468537727
