target_label,target_mz,g_bin,g_center,baseline,compare,delta_p_success,ratio_mad_success
T11,1529.53,0,0.0009673912225104761,ModeA_points,ModeB_holdout_points,-0.0661764705882353,
T11,1529.53,1,0.004697747260407773,ModeA_points,ModeB_holdout_points,-0.024999999999999994,
T11,1529.53,2,0.012860984789290016,ModeA_points,ModeB_holdout_points,0.20833333333333331,
T11,1529.53,3,0.03881182590608173,ModeA_points,ModeB_holdout_points,-0.1923076923076923,0.8640643456646336
T11,1529.53,4,0.08379465230809666,ModeA_points,ModeB_holdout_points,-0.20192307692307687,1.8604596706130696
T11,1529.53,5,0.11317008475376072,ModeA_points,ModeB_holdout_points,0.4305555555555556,1.8728239881208368
T11,1529.53,6,0.1284757816883324,ModeA_points,ModeB_holdout_points,0.2171052631578947,0.9158828322166236
T11,1529.53,7,0.5676463891132375,ModeA_points,ModeB_holdout_points,0.012897641817304684,0.9257677449634412
