fold,n_train_galaxies,n_test_galaxies,A_best,chi2_train_base,chi2_train_best,delta_chi2_train,chi2_test_base,chi2_test_best,delta_chi2_test,ndof_train,ndof_test,dt,n_steps,order_mode,sigma_floor
0,6,2,0.0,1662298.4400209798,1662298.4400209798,0.0,26616.149545682747,26616.149545682747,0.0,1440,480,0.001,240,forward,1e-06
1,6,2,0.0,1557305.924274008,1557305.924274008,0.0,131608.6652926546,131608.6652926546,0.0,1440,480,0.001,240,forward,1e-06
2,6,2,0.0,178855.95062068338,178855.95062068338,0.0,1510058.638945979,1510058.638945979,0.0,1440,480,0.001,240,forward,1e-06
3,6,2,0.0,1668283.4537843165,1668283.4537843165,0.0,20631.13578234602,20631.13578234602,0.0,1440,480,0.001,240,forward,1e-06
