target_label,target_mz,g_bin,g_center,baseline,compare,delta_p_success,ratio_mad_success
T03,1359.59,0,0.022986548068242692,ModeA_points,ModeB_holdout_points,0.175,
T03,1359.59,1,0.0783256882213965,ModeA_points,ModeB_holdout_points,0.4107142857142857,2.2805449911548594
T03,1359.59,2,0.11157158188964059,ModeA_points,ModeB_holdout_points,0.25,0.2306164870622271
T03,1359.59,3,0.12802480428482033,ModeA_points,ModeB_holdout_points,-0.15,1.1637912342541348
T03,1359.59,4,0.1403827790511029,ModeA_points,ModeB_holdout_points,0.06818181818181818,20.38047107870745
T03,1359.59,5,0.14886098784471125,ModeA_points,ModeB_holdout_points,0.010869565217391297,0.48090182697146855
T03,1359.59,6,0.1555160814909291,ModeA_points,ModeB_holdout_points,0.16911764705882354,
T03,1359.59,7,0.5792964013078373,ModeA_points,ModeB_holdout_points,0.017781025453659727,1.2331439679976754
