target_label,target_mz,g_bin,g_center,baseline,compare,delta_p_success,ratio_mad_success
T02,1359.47,0,0.007421475781102667,ModeA_points,ModeB_holdout_points,0.26666666666666666,
T02,1359.47,1,0.03734487519738447,ModeA_points,ModeB_holdout_points,-0.06818181818181818,
T02,1359.47,2,0.08379465230809666,ModeA_points,ModeB_holdout_points,0.27884615384615385,0.7904277255365163
T02,1359.47,3,0.11317008475376072,ModeA_points,ModeB_holdout_points,-0.125,1.220843969729308
T02,1359.47,4,0.1284757816883324,ModeA_points,ModeB_holdout_points,0.046052631578947345,0.24961232060142519
T02,1359.47,5,0.1403827790511029,ModeA_points,ModeB_holdout_points,0.05681818181818177,0.3164529879333634
T02,1359.47,6,0.14886098784471125,ModeA_points,ModeB_holdout_points,-0.1032608695652174,2.798874193961174
T02,1359.47,7,0.5764493651695034,ModeA_points,ModeB_holdout_points,-0.021813298490127808,0.7857017877569592
