target_label,target_mz,g_bin,g_center,baseline,compare,delta_p_success,ratio_mad_success
T08,816.28,0,0.003959142193665964,ModeA_points,ModeB_holdout_points,-0.125,
T08,816.28,1,0.022960414825492527,ModeA_points,ModeB_holdout_points,0.2,
T08,816.28,2,0.0694348202100101,ModeA_points,ModeB_holdout_points,0.18,1.3122556347841352
T08,816.28,3,0.10676929269025877,ModeA_points,ModeB_holdout_points,-0.041666666666666685,1.0031070681685723
T08,816.28,4,0.12701219807483607,ModeA_points,ModeB_holdout_points,0.1607142857142857,
T08,816.28,5,0.1403827790511029,ModeA_points,ModeB_holdout_points,0.2840909090909091,
T08,816.28,6,0.14886098784471125,ModeA_points,ModeB_holdout_points,0.021739130434782594,9.042314171182307
T08,816.28,7,0.5764493651695034,ModeA_points,ModeB_holdout_points,-0.07440476190476186,0.5805523999187674
