target_label,target_mz,g_bin,g_center,baseline,compare,delta_p_success,ratio_mad_success
T12,816.35,0,0.0038210066471690667,ModeA_points,ModeB_holdout_points,0.0,
T12,816.35,1,0.03674562938047654,ModeA_points,ModeB_holdout_points,0.25,
T12,816.35,2,0.08399547866210674,ModeA_points,ModeB_holdout_points,-0.29166666666666663,0.31510422450056963
T12,816.35,3,0.11317008475376072,ModeA_points,ModeB_holdout_points,0.125,0.23772668357309257
T12,816.35,4,0.1284757816883324,ModeA_points,ModeB_holdout_points,-0.2222222222222222,1.435799161565016
T12,816.35,5,0.1420375137222501,ModeA_points,ModeB_holdout_points,-0.10135135135135132,0.32101806693529206
T12,816.35,6,0.1513031117165234,ModeA_points,ModeB_holdout_points,0.09615384615384615,0.527192623264354
T12,816.35,7,0.576970499999386,ModeA_points,ModeB_holdout_points,0.011962948364209636,0.9067127103436405
