target_label,target_mz,g_bin,g_center,baseline,compare,delta_p_success,ratio_mad_success
T01,1359.8,0,0.027082235149997733,ModeA_points,ModeB_holdout_points,-0.3181818181818182,19.909491485385338
T01,1359.8,1,0.08094841052660336,ModeA_points,ModeB_holdout_points,0.25,0.8115709889329494
T01,1359.8,2,0.11317008475376072,ModeA_points,ModeB_holdout_points,0.0,0.0
T01,1359.8,3,0.1284757816883324,ModeA_points,ModeB_holdout_points,-0.09868421052631582,0.054264913440013746
T01,1359.8,4,0.1403827790511029,ModeA_points,ModeB_holdout_points,-0.15909090909090906,0.3214012332202319
T01,1359.8,5,0.14886098784471125,ModeA_points,ModeB_holdout_points,0.32065217391304346,28.23731468515976
T01,1359.8,6,0.1555160814909291,ModeA_points,ModeB_holdout_points,-0.09558823529411764,0.5641627800533138
T01,1359.8,7,0.5792964013078373,ModeA_points,ModeB_holdout_points,-0.02935087078309584,4.142610604023547
