target_label,target_mz,g_bin,g_center,baseline,compare,delta_p_success,ratio_mad_success
T11,1529.53,0,0.0009673912225104761,ModeA_points,ModeB_holdout_points,0.04411764705882354,90.33466991160323
T11,1529.53,1,0.004697747260407773,ModeA_points,ModeB_holdout_points,-0.07500000000000001,3.468331103632389
T11,1529.53,2,0.012860984789290016,ModeA_points,ModeB_holdout_points,0.1527777777777778,0.0
T11,1529.53,3,0.03881182590608173,ModeA_points,ModeB_holdout_points,-0.1923076923076923,0.059987994692694245
T11,1529.53,4,0.08379465230809666,ModeA_points,ModeB_holdout_points,-0.019230769230769273,3.3994551259306123
T11,1529.53,5,0.11317008475376072,ModeA_points,ModeB_holdout_points,0.08333333333333337,0.8976732962457266
T11,1529.53,6,0.1284757816883324,ModeA_points,ModeB_holdout_points,0.4671052631578947,
T11,1529.53,7,0.5676463891132375,ModeA_points,ModeB_holdout_points,0.051760833167797005,1.142518699839923
