target_label,target_mz,g_bin,g_center,baseline,compare,delta_p_success,ratio_mad_success
T09,816.15,0,0.006688478571325331,ModeA_points,ModeB_holdout_points,0.09722222222222221,
T09,816.15,1,0.035829344929452764,ModeA_points,ModeB_holdout_points,0.22499999999999998,2.547174464137401
T09,816.15,2,0.08148135771268017,ModeA_points,ModeB_holdout_points,-0.42307692307692313,0.6818258451837426
T09,816.15,3,0.11317008475376072,ModeA_points,ModeB_holdout_points,-0.125,19.715870897684034
T09,816.15,4,0.1284757816883324,ModeA_points,ModeB_holdout_points,-0.03289473684210531,0.6317583892173454
T09,816.15,5,0.1414209188032971,ModeA_points,ModeB_holdout_points,-0.1428571428571429,3.619542045589805
T09,816.15,6,0.15066292874713383,ModeA_points,ModeB_holdout_points,0.36363636363636365,0.7961253859410454
T09,816.15,7,0.5768920180440202,ModeA_points,ModeB_holdout_points,0.03288803351069858,0.7217103044362575
