target_label,target_mz,g_bin,g_center,baseline,compare,delta_p_success,ratio_mad_success
T06,874.45,0,0.008790024694150482,ModeA_points,ModeB_holdout_points,0.0625,324753.4483607606
T06,874.45,1,0.05592742387033338,ModeA_points,ModeB_holdout_points,0.4318181818181818,2.7499844891984693
T06,874.45,2,0.1008203447639455,ModeA_points,ModeB_holdout_points,0.07500000000000001,0.7539238648871711
T06,874.45,3,0.11805730142260532,ModeA_points,ModeB_holdout_points,0.08653846153846156,0.668730452429676
T06,874.45,4,0.13273585662577764,ModeA_points,ModeB_holdout_points,-0.125,2.0615489457556007
T06,874.45,5,0.14328683016153976,ModeA_points,ModeB_holdout_points,0.07954545454545453,0.4383138783753843
T06,874.45,6,0.1513031117165234,ModeA_points,ModeB_holdout_points,0.33653846153846156,
T06,874.45,7,0.576970499999386,ModeA_points,ModeB_holdout_points,-0.019237966913691174,0.905021437422856
