target_label,target_mz,g_bin,g_center,baseline,compare,delta_p_success,ratio_mad_success
T10,1359.91,0,0.008790024694150482,ModeA_points,ModeB_holdout_points,0.07142857142857142,
T10,1359.91,1,0.057347774775491814,ModeA_points,ModeB_holdout_points,0.23214285714285715,1.8730245212092678
T10,1359.91,2,0.10117640441742927,ModeA_points,ModeB_holdout_points,-0.025000000000000022,2.2129590017124956
T10,1359.91,3,0.11846445071623277,ModeA_points,ModeB_holdout_points,-0.041666666666666685,4.319930024728511
T10,1359.91,4,0.13273585662577764,ModeA_points,ModeB_holdout_points,-0.3125,1.0190138140103755
T10,1359.91,5,0.14328683016153976,ModeA_points,ModeB_holdout_points,0.10984848484848486,22.589252383422927
T10,1359.91,6,0.1513031117165234,ModeA_points,ModeB_holdout_points,-0.4423076923076923,0.2868049053277121
T10,1359.91,7,0.576970499999386,ModeA_points,ModeB_holdout_points,0.046204805748933264,1.204877695136396
