channel,i,E_lo,E_hi,E_ctr,obs,pred_sm,pred_geo,bkg,P_sm,P_geo,dphi,dphi_base,dphi_breath,dphi_thread,thread_weight,thread_amp,thread_phase,breath_amp,breath_phase,k_rt,kappa_gate,eta,omega
NOvA_app_FHC,0,1.0,1.5,1.25,18.0,5.2,5.2,5.2,0.0,2.4135860281820757e-07,0.0023495443193166017,0.00234954431932523,-8.628672306394127e-15,-0.004405395598734807,0.0,2.5,-1.5707963267948966,2.5,-1.5707963267948966,180.0,0.0,0.0,0.0038785094488762877
NOvA_app_FHC,1,1.5,2.0,1.75,44.0,6.8,6.8,6.8,0.0,4.065614440585585e-07,0.0030494085846449505,0.0030494085846561494,-1.1198915121064715e-14,-0.00571764109623028,0.0,2.5,-1.5707963267948966,2.5,-1.5707963267948966,180.0,0.0,0.0,0.0038785094488762877
NOvA_app_FHC,2,2.0,2.5,2.25,42.0,25.9,25.97976822057072,5.5,0.03433589753306503,0.034470157996197924,0.0037492728499732998,0.003749272849987069,-1.3769157935735305e-14,-0.007029886593725754,0.0,2.5,-1.5707963267948966,2.5,-1.5707963267948966,180.0,0.0,0.0,0.0038785094488762877
NOvA_app_FHC,3,2.5,3.0,2.75,26.0,50.400000000000006,50.44229365490454,4.2,0.04324412716824222,0.04328371487800632,0.004449137115301648,0.0044491371153179875,-1.633940075040589e-14,-0.008342132091221225,0.0,2.5,-1.5707963267948966,2.5,-1.5707963267948966,180.0,0.0,0.0,0.0038785094488762877
NOvA_app_FHC,4,3.0,3.5,3.25,20.0,43.199999999999996,43.39208899512876,2.4,0.036107173644867534,0.036277168515023966,0.005149001380629999,0.0051490013806489085,-1.8909643565076487e-14,-0.009654377588716703,0.0,2.5,-1.5707963267948966,2.5,-1.5707963267948966,180.0,0.0,0.0,0.0038785094488762877
NOvA_app_FHC,5,3.5,4.0,3.75,12.0,29.7,29.946648998323212,1.2,0.02821974128341433,0.02846396482448431,0.0058488656459583475,0.005848865645979828,-2.1479886379747077e-14,-0.010966623086212178,0.0,2.5,-1.5707963267948966,2.5,-1.5707963267948966,180.0,0.0,0.0,0.0038785094488762877
NOvA_app_FHC,6,4.0,4.5,4.25,5.0,18.7,18.93643603421222,0.5,0.022037459194761255,0.022323747626416365,0.006548729911286698,0.006548729911310748,-2.4050129194417668e-14,-0.012278868583707652,0.0,2.5,-1.5707963267948966,2.5,-1.5707963267948966,180.0,0.0,0.0,0.0038785094488762877
