sqrts_GeV,rho,err,channel,experiment,rho_pred_SM_disp,rho_pred_GEO_disp,pull_SM,pull_GEO
541.0,0.135,0.015,pbarp,UA4/2,0.13976432352381443,0.1399635452778363,-0.3176215682542949,-0.3309030185224197
1800.0,0.14,0.069,pbarp,E710,0.14210207470912856,0.1423350454624027,-0.030464850856935403,-0.03384123858554608
13000.0,0.09,0.01,pp,TOTEM,0.13337023941110837,0.13363893709200558,-4.3370239411108376,-4.363893709200559
13000.0,0.098,0.011,pp,ATLAS-ALFA,0.13337023941110837,0.13363893709200558,-3.215476310100761,-3.2399033720005073
