target_label,target_mz,g_bin,g_center,baseline,compare,delta_p_success,ratio_mad_success
T12,816.35,0,0.004536677159087012,ModeA_points,ModeB_points,0.375,
T12,816.35,1,0.03837856448675269,ModeA_points,ModeB_points,0.08333333333333333,
T12,816.35,2,0.0816358193331284,ModeA_points,ModeB_points,-0.1875,0.33986023307225643
T12,816.35,3,0.10501403164293269,ModeA_points,ModeB_points,-0.09999999999999998,0.14690639325675692
T12,816.35,4,0.12428785300457175,ModeA_points,ModeB_points,-0.28846153846153844,0.5504709239466197
T12,816.35,5,0.13916901305263268,ModeA_points,ModeB_points,-0.21666666666666667,0.9987593732101933
T12,816.35,6,0.1514242484195237,ModeA_points,ModeB_points,0.013888888888888895,0.6052563915718989
T12,816.35,7,0.5794386163851575,ModeA_points,ModeB_points,-0.03838976272993877,1.1749446238615524
