target_label,target_mz,g_bin,g_center,baseline,compare,delta_p_success,ratio_mad_success
T02,1359.47,0,0.007940820904474377,ModeA_points,ModeB_points,0.5,
T02,1359.47,1,0.03970340007685269,ModeA_points,ModeB_points,0.20833333333333331,
T02,1359.47,2,0.08142512747931963,ModeA_points,ModeB_points,0.3472222222222222,0.6743461086947247
T02,1359.47,3,0.10515980938415374,ModeA_points,ModeB_points,0.35,1.2023332485534899
T02,1359.47,4,0.12429149635278947,ModeA_points,ModeB_points,-0.39,3.1198359763307857
T02,1359.47,5,0.13916901305263268,ModeA_points,ModeB_points,-0.06666666666666665,1.8859348660154416
T02,1359.47,6,0.15052366605188,ModeA_points,ModeB_points,-0.0625,2.0631527206103026
T02,1359.47,7,0.5782071625459475,ModeA_points,ModeB_points,-0.017573696145124718,0.870754723725493
