target_label,target_mz,g_bin,g_center,baseline,compare,delta_p_success,ratio_mad_success
T09,816.15,0,0.007171815552931395,ModeA_points,ModeB_points,0.17647058823529413,
T09,816.15,1,0.038181500435962745,ModeA_points,ModeB_points,0.022727272727272707,0.26957581084144433
T09,816.15,2,0.07899819337937795,ModeA_points,ModeB_points,-0.13888888888888884,1.1828234369047723
T09,816.15,3,0.10516345273237146,ModeA_points,ModeB_points,-0.275,0.5479454682531918
T09,816.15,4,0.12459349817271292,ModeA_points,ModeB_points,-0.16666666666666663,1.416132688042684
T09,816.15,5,0.13916901305263268,ModeA_points,ModeB_points,-0.10833333333333328,1.7122825057725535
T09,816.15,6,0.15125596273601696,ModeA_points,ModeB_points,-0.07258064516129037,0.5453739805531059
T09,816.15,7,0.5789640015366174,ModeA_points,ModeB_points,-0.05896385745651067,0.885008437574821
