target_label,target_mz,g_bin,g_center,baseline,compare,delta_p_success,ratio_mad_success
T06,874.45,0,0.009376599136565869,ModeA_points,ModeB_points,0.32954545454545453,
T06,874.45,1,0.04550370612696021,ModeA_points,ModeB_points,-0.375,2.1169624404758114
T06,874.45,2,0.08390678701438341,ModeA_points,ModeB_points,0.2857142857142857,4.610390527682534
T06,874.45,3,0.10501403164293269,ModeA_points,ModeB_points,-0.04999999999999999,1.0972119272677323
T06,874.45,4,0.12428785300457175,ModeA_points,ModeB_points,0.04807692307692307,2.6608480966991137
T06,874.45,5,0.13916901305263268,ModeA_points,ModeB_points,-0.26666666666666666,0.4166120992017523
T06,874.45,6,0.15052366605188,ModeA_points,ModeB_points,-0.09375,3.971194825201557
T06,874.45,7,0.5782071625459475,ModeA_points,ModeB_points,0.03058608058608059,0.7453492490270177
