target_label,target_mz,g_bin,g_center,baseline,compare,delta_p_success,ratio_mad_success
T03,1359.59,0,0.024270520016971782,ModeA_points,ModeB_points,0.19318181818181818,
T03,1359.59,1,0.07286155329274938,ModeA_points,ModeB_points,0.4144736842105263,0.549302918687475
T03,1359.59,2,0.10449188354485281,ModeA_points,ModeB_points,0.1590909090909091,
T03,1359.59,3,0.12428785300457175,ModeA_points,ModeB_points,-0.04807692307692307,
T03,1359.59,4,0.13916901305263268,ModeA_points,ModeB_points,0.008333333333333331,
T03,1359.59,5,0.15052366605188,ModeA_points,ModeB_points,0.15625,
T03,1359.59,6,0.15903123329390342,ModeA_points,ModeB_points,-0.23214285714285715,1.2290239639541471
T03,1359.59,7,0.5808853194327793,ModeA_points,ModeB_points,0.012295081967213128,1.2055263983410895
