target_label,target_mz,g_bin,g_center,baseline,compare,delta_p_success,ratio_mad_success
T01,1359.8,0,0.02856740579239219,ModeA_points,ModeB_points,-0.11363636363636365,0.10241021383940732
T01,1359.8,1,0.07843906541447432,ModeA_points,ModeB_points,-0.050000000000000044,0.09578515122799267
T01,1359.8,2,0.10515980938415374,ModeA_points,ModeB_points,0.325,1.035381272181081
T01,1359.8,3,0.12429149635278947,ModeA_points,ModeB_points,-0.09999999999999998,1.320463061315813
T01,1359.8,4,0.13916901305263268,ModeA_points,ModeB_points,-0.25833333333333336,2.34319238468984
T01,1359.8,5,0.15052366605188,ModeA_points,ModeB_points,0.28125,5.2459940783739425
T01,1359.8,6,0.15903123329390342,ModeA_points,ModeB_points,-0.01785714285714285,12.03716108713311
T01,1359.8,7,0.5808853194327793,ModeA_points,ModeB_points,-0.15573770491803274,1.0030199336798316
