target_label,target_mz,g_bin,g_center,baseline,compare,delta_p_success,ratio_mad_success
T06,874.45,0,0.009376599136565869,ModeA_points,ModeB_points,0.32954545454545453,
T06,874.45,1,0.04550370612696021,ModeA_points,ModeB_points,0.125,
T06,874.45,2,0.08390678701438341,ModeA_points,ModeB_points,0.23214285714285715,0.10577787154991328
T06,874.45,3,0.10501403164293269,ModeA_points,ModeB_points,-0.025000000000000022,0.6888898329905928
T06,874.45,4,0.12428785300457175,ModeA_points,ModeB_points,-0.038461538461538436,0.6498077539882471
T06,874.45,5,0.13916901305263268,ModeA_points,ModeB_points,-0.07500000000000001,0.7961432846953215
T06,874.45,6,0.15052366605188,ModeA_points,ModeB_points,-0.0625,3.3721617376439035
T06,874.45,7,0.5782071625459475,ModeA_points,ModeB_points,0.03376068376068375,0.9618390184731572
