combo,a_set,b_set,N,N_pp,N_pm,N_mp,N_mm,E_ab
00,0,0,12600,6309,2,3,6286,0.9992063492063492
01,0,1,12572,6338,2,9,6223,0.998250079541839
10,1,0,12892,6460,11,7,6414,0.9972075705864102
11,1,1,265,106,29,32,98,0.539622641509434
