target_label,target_mz,g_bin,g_center,baseline,compare,delta_p_success,ratio_mad_success
T12,816.35,0,0.0038210066471690667,ModeA_points,ModeB_holdout_points,0.0,
T12,816.35,1,0.03674562938047654,ModeA_points,ModeB_holdout_points,0.1875,
T12,816.35,2,0.08399547866210674,ModeA_points,ModeB_holdout_points,-0.16666666666666663,0.09656914594749266
T12,816.35,3,0.11317008475376072,ModeA_points,ModeB_holdout_points,-0.25,0.5770553083203083
T12,816.35,4,0.1284757816883324,ModeA_points,ModeB_holdout_points,0.09722222222222221,1.076979018753016
T12,816.35,5,0.1420375137222501,ModeA_points,ModeB_holdout_points,-0.040540540540540515,0.7354052753002855
T12,816.35,6,0.1513031117165234,ModeA_points,ModeB_holdout_points,0.3942307692307693,0.4302345730297764
T12,816.35,7,0.576970499999386,ModeA_points,ModeB_holdout_points,0.04398896334253055,1.0540263160875993
