E_GeV,L_km,P_sm,P_unified,ne_cm3,gamma
1.0,295.0,0.05358497087558836,0.024322554350252053,1e+20,0.0
