target_label,target_mz,g_bin,g_center,baseline,compare,delta_p_success,ratio_mad_success
T11,1529.53,0,0.0024256716107577984,ModeA_points,ModeB_holdout_points,-0.4523809523809524,0.0
T11,1529.53,1,0.009229208595182468,ModeA_points,ModeB_holdout_points,-0.32954545454545453,0.0
T11,1529.53,2,0.02056936059538888,ModeA_points,ModeB_holdout_points,0.15000000000000002,0.0027906903403869094
T11,1529.53,3,0.04426358077320648,ModeA_points,ModeB_holdout_points,-0.041666666666666685,2.127605366233865
T11,1529.53,4,0.09704230555599858,ModeA_points,ModeB_holdout_points,-0.375,1.002846553393701
T11,1529.53,5,0.1407229600705405,ModeA_points,ModeB_holdout_points,-0.014705882352941124,0.6206860228513366
T11,1529.53,6,0.15656517450491197,ModeA_points,ModeB_holdout_points,-0.06818181818181823,0.4551623858924012
T11,1529.53,7,0.5807614056933623,ModeA_points,ModeB_holdout_points,0.1385984122638927,0.6996171255262865
