target_label,target_mz,window_ppm,setting,g_bin,g_lo,g_hi,g_center,n_total,n_good,p_success,median_success_ppm,mad_success_ppm,frac_tail3
T09,816.15,30.0,ModeA_points,0,0.0,0.01434363110586279,0.007171815552931395,8,0,0.0,,,0.0
T09,816.15,30.0,ModeB_points,0,0.0,0.01434363110586279,0.007171815552931395,17,0,0.0,,,0.0
T09,816.15,30.0,ModeA_points,1,0.015284514264514616,0.06107848660741087,0.038181500435962745,8,0,0.0,,,0.0
T09,816.15,30.0,ModeB_points,1,0.015284514264514616,0.06107848660741087,0.038181500435962745,11,2,0.18181818181818182,1.392830113590703,0.6836816307568023,0.0
T09,816.15,30.0,ModeA_points,2,0.062196742537218144,0.09579964422153776,0.07899819337937795,18,8,0.4444444444444444,2.381046989292172,0.42909939156066357,0.0
T09,816.15,30.0,ModeB_points,2,0.062196742537218144,0.09579964422153776,0.07899819337937795,8,3,0.375,1.845123146109372,0.5061973725585114,0.0
T09,816.15,30.0,ModeA_points,3,0.09595598973828504,0.1143709157264579,0.10516345273237146,10,6,0.6,1.4934784740896365,0.3754571916522832,0.0
T09,816.15,30.0,ModeB_points,3,0.09595598973828504,0.1143709157264579,0.10516345273237146,8,7,0.875,2.0178438795606897,0.785741110271692,0.0
T09,816.15,30.0,ModeA_points,4,0.1149749193663048,0.13421207697912105,0.12459349817271292,8,4,0.5,1.7484925471983426,0.5845950802265261,0.0
T09,816.15,30.0,ModeB_points,4,0.1149749193663048,0.13421207697912105,0.12459349817271292,24,12,0.5,2.4094607127149876,0.23617751130432496,0.0
T09,816.15,30.0,ModeA_points,5,0.13424649944152856,0.14409152666373679,0.13916901305263268,8,3,0.375,1.4589286527525234,1.005382545005952,0.0
T09,816.15,30.0,ModeB_points,5,0.13424649944152856,0.14409152666373679,0.13916901305263268,30,14,0.4666666666666667,1.748975512885771,0.6178698498753187,0.0
T09,816.15,30.0,ModeA_points,6,0.14464668789571283,0.1578652375763211,0.15125596273601696,8,3,0.375,1.6728594636944425,0.011114600828799448,0.0
T09,816.15,30.0,ModeB_points,6,0.14464668789571283,0.1578652375763211,0.15125596273601696,31,18,0.5806451612903226,1.0277945656572816,0.6343892509828863,0.0
T09,816.15,30.0,ModeA_points,7,0.15792800307323482,1.0,0.5789640015366174,248,125,0.5040322580645161,1.6893893052139126,0.6013551121359471,0.0
T09,816.15,30.0,ModeB_points,7,0.15792800307323482,1.0,0.5789640015366174,191,118,0.6178010471204188,1.2255750438643296,1.0012137000671082,0.0
