{
  "folds": [
    {
      "A_best": -0.0412,
      "alpha_best": 0.001,
      "chi2_test_base": 162.50260233212413,
      "chi2_test_best": 28674.117581695547,
      "chi2_train_base": 783.3403356086048,
      "chi2_train_best": 187623.5042288435,
      "delta_chi2_test": -28511.614979363425,
      "delta_chi2_train": -186840.1638932349,
      "env_model": "none",
      "fold": 0,
      "n_test_galaxies": 35,
      "n_test_points": 649,
      "n_train_points": 2742,
      "thread_S0": null,
      "thread_gate_p": 4.0,
      "thread_k2": 1.0,
      "thread_k4": 0.0,
      "thread_mode": "down",
      "thread_norm": "median",
      "thread_norm_scale_train": 1.0,
      "thread_q": 0.6,
      "thread_r_weight_power": 1.0,
      "thread_xi": 0.5,
      "use_env_scale": null
    },
    {
      "A_best": -0.0412,
      "alpha_best": 0.001,
      "chi2_test_base": 184.21943466970106,
      "chi2_test_best": 48274.863283043436,
      "chi2_train_base": 761.6235032710279,
      "chi2_train_best": 168022.75852749555,
      "delta_chi2_test": -48090.64384837374,
      "delta_chi2_train": -167261.13502422452,
      "env_model": "none",
      "fold": 1,
      "n_test_galaxies": 35,
      "n_test_points": 588,
      "n_train_points": 2803,
      "thread_S0": null,
      "thread_gate_p": 4.0,
      "thread_k2": 1.0,
      "thread_k4": 0.0,
      "thread_mode": "down",
      "thread_norm": "median",
      "thread_norm_scale_train": 1.0,
      "thread_q": 0.6,
      "thread_r_weight_power": 1.0,
      "thread_xi": 0.5,
      "use_env_scale": null
    },
    {
      "A_best": -0.0412,
      "alpha_best": 0.001,
      "chi2_test_base": 182.02591482213748,
      "chi2_test_best": 41733.762205529354,
      "chi2_train_base": 763.8170231185914,
      "chi2_train_best": 174563.85960500964,
      "delta_chi2_test": -41551.73629070722,
      "delta_chi2_train": -173800.04258189106,
      "env_model": "none",
      "fold": 2,
      "n_test_galaxies": 35,
      "n_test_points": 795,
      "n_train_points": 2596,
      "thread_S0": null,
      "thread_gate_p": 4.0,
      "thread_k2": 1.0,
      "thread_k4": 0.0,
      "thread_mode": "down",
      "thread_norm": "median",
      "thread_norm_scale_train": 1.0,
      "thread_q": 0.6,
      "thread_r_weight_power": 1.0,
      "thread_xi": 0.5,
      "use_env_scale": null
    },
    {
      "A_best": -0.0412,
      "alpha_best": 0.001,
      "chi2_test_base": 202.23055806230656,
      "chi2_test_best": 44450.60865162575,
      "chi2_train_base": 743.6123798784224,
      "chi2_train_best": 171847.01315891327,
      "delta_chi2_test": -44248.37809356344,
      "delta_chi2_train": -171103.40077903486,
      "env_model": "none",
      "fold": 3,
      "n_test_galaxies": 35,
      "n_test_points": 697,
      "n_train_points": 2694,
      "thread_S0": null,
      "thread_gate_p": 4.0,
      "thread_k2": 1.0,
      "thread_k4": 0.0,
      "thread_mode": "down",
      "thread_norm": "median",
      "thread_norm_scale_train": 1.0,
      "thread_q": 0.6,
      "thread_r_weight_power": 1.0,
      "thread_xi": 0.5,
      "use_env_scale": null
    },
    {
      "A_best": -0.0412,
      "alpha_best": 0.001,
      "chi2_test_base": 214.86442805445978,
      "chi2_test_best": 53164.270088644924,
      "chi2_train_base": 730.9785098862692,
      "chi2_train_best": 163133.3517218941,
      "delta_chi2_test": -52949.40566059046,
      "delta_chi2_train": -162402.37321200783,
      "env_model": "none",
      "fold": 4,
      "n_test_galaxies": 35,
      "n_test_points": 662,
      "n_train_points": 2729,
      "thread_S0": null,
      "thread_gate_p": 4.0,
      "thread_k2": 1.0,
      "thread_k4": 0.0,
      "thread_mode": "down",
      "thread_norm": "median",
      "thread_norm_scale_train": 1.0,
      "thread_q": 0.6,
      "thread_r_weight_power": 1.0,
      "thread_xi": 0.5,
      "use_env_scale": null
    }
  ],
  "framing": {
    "stability_not_accuracy": true
  },
  "io": {
    "data_loaded_from_paths": true,
    "out_csv": "C:\\Dropbox\\projects\\new_master_equation_with_gauga_structure_test_git\\out\\_tmp_dm_lockedA_Aneg00412\\dm_cv_none_fixed.csv",
    "points_csv": "C:\\Dropbox\\projects\\new_master_equation_with_gauga_structure_test_git\\data\\sparc\\sparc_points.csv"
  },
  "params": {
    "A_max": -0.0412,
    "A_min": -0.0412,
    "alpha_max": 0.001,
    "alpha_min": 0.001,
    "env_model": "none",
    "g0": 1.2e-10,
    "kfold": 5,
    "model": "geo_add_const",
    "nA": 1,
    "nAlpha": 1,
    "seed": 2026,
    "thread_S0": null,
    "thread_gate_p": 4.0,
    "thread_k2": 1.0,
    "thread_k4": 0.0,
    "thread_mode": "down",
    "thread_norm": "median",
    "thread_q": 0.6,
    "thread_r_weight_power": 1.0,
    "thread_xi": 0.5,
    "use_env_scale": null
  },
  "runner": {
    "name": "dm_holdout_cv_thread",
    "path": "C:\\Dropbox\\projects\\new_master_equation_with_gauga_structure_test_git\\dm_holdout_cv_thread.py"
  },
  "telemetry": {
    "all_folds_delta_test_positive": false,
    "delta_chi2_test": {
      "max": -28511.614979363425,
      "mean": -43070.35577451965,
      "min": -52949.40566059046
    },
    "n_galaxies": 175,
    "n_points": 3391
  }
}
