{
  "folds": [
    {
      "A_best": -0.0412,
      "alpha_best": 0.001,
      "chi2_test_base": 162.50260233212413,
      "chi2_test_best": 28674.117581695587,
      "chi2_train_base": 783.3403356086048,
      "chi2_train_best": 187623.5042288451,
      "delta_chi2_test": -28511.614979363465,
      "delta_chi2_train": -186840.1638932365,
      "env_model": "thread",
      "fold": 0,
      "n_test_galaxies": 35,
      "n_test_points": 649,
      "n_train_points": 2742,
      "thread_S0": null,
      "thread_gate_p": 4.0,
      "thread_k2": 1.0,
      "thread_k4": 0.0,
      "thread_mode": "down",
      "thread_norm": "median",
      "thread_norm_scale_train": 1.0,
      "thread_q": 0.6,
      "thread_r_weight_power": 1.0,
      "thread_xi": 0.5,
      "use_env_scale": null
    },
    {
      "A_best": -0.0412,
      "alpha_best": 0.001,
      "chi2_test_base": 184.21943466970106,
      "chi2_test_best": 48274.863283043436,
      "chi2_train_base": 761.6235032710279,
      "chi2_train_best": 168022.75852749727,
      "delta_chi2_test": -48090.64384837374,
      "delta_chi2_train": -167261.13502422624,
      "env_model": "thread",
      "fold": 1,
      "n_test_galaxies": 35,
      "n_test_points": 588,
      "n_train_points": 2803,
      "thread_S0": null,
      "thread_gate_p": 4.0,
      "thread_k2": 1.0,
      "thread_k4": 0.0,
      "thread_mode": "down",
      "thread_norm": "median",
      "thread_norm_scale_train": 1.0,
      "thread_q": 0.6,
      "thread_r_weight_power": 1.0,
      "thread_xi": 0.5,
      "use_env_scale": null
    },
    {
      "A_best": -0.0412,
      "alpha_best": 0.001,
      "chi2_test_base": 182.02591482213748,
      "chi2_test_best": 41733.76220612138,
      "chi2_train_base": 763.8170231185914,
      "chi2_train_best": 174563.8596052166,
      "delta_chi2_test": -41551.73629129924,
      "delta_chi2_train": -173800.04258209802,
      "env_model": "thread",
      "fold": 2,
      "n_test_galaxies": 35,
      "n_test_points": 795,
      "n_train_points": 2596,
      "thread_S0": null,
      "thread_gate_p": 4.0,
      "thread_k2": 1.0,
      "thread_k4": 0.0,
      "thread_mode": "down",
      "thread_norm": "median",
      "thread_norm_scale_train": 1.0,
      "thread_q": 0.6,
      "thread_r_weight_power": 1.0,
      "thread_xi": 0.5,
      "use_env_scale": null
    },
    {
      "A_best": -0.0412,
      "alpha_best": 0.001,
      "chi2_test_base": 202.23055806230656,
      "chi2_test_best": 44450.608651626804,
      "chi2_train_base": 743.6123798784224,
      "chi2_train_best": 171847.01315891644,
      "delta_chi2_test": -44248.3780935645,
      "delta_chi2_train": -171103.40077903803,
      "env_model": "thread",
      "fold": 3,
      "n_test_galaxies": 35,
      "n_test_points": 697,
      "n_train_points": 2694,
      "thread_S0": null,
      "thread_gate_p": 4.0,
      "thread_k2": 1.0,
      "thread_k4": 0.0,
      "thread_mode": "down",
      "thread_norm": "median",
      "thread_norm_scale_train": 1.0,
      "thread_q": 0.6,
      "thread_r_weight_power": 1.0,
      "thread_xi": 0.5,
      "use_env_scale": null
    },
    {
      "A_best": -0.0412,
      "alpha_best": 0.001,
      "chi2_test_base": 214.86442805445978,
      "chi2_test_best": 53164.270088644924,
      "chi2_train_base": 730.9785098862692,
      "chi2_train_best": 163133.35172189574,
      "delta_chi2_test": -52949.40566059046,
      "delta_chi2_train": -162402.37321200946,
      "env_model": "thread",
      "fold": 4,
      "n_test_galaxies": 35,
      "n_test_points": 662,
      "n_train_points": 2729,
      "thread_S0": null,
      "thread_gate_p": 4.0,
      "thread_k2": 1.0,
      "thread_k4": 0.0,
      "thread_mode": "down",
      "thread_norm": "median",
      "thread_norm_scale_train": 1.0,
      "thread_q": 0.6,
      "thread_r_weight_power": 1.0,
      "thread_xi": 0.5,
      "use_env_scale": null
    }
  ],
  "framing": {
    "stability_not_accuracy": true
  },
  "io": {
    "data_loaded_from_paths": true,
    "out_csv": "C:\\Dropbox\\projects\\new_master_equation_with_gauga_structure_test_git\\out\\_tmp_dm_lockedA_Aneg00412\\dm_cv_thread_STIFFGATE_fixed.csv",
    "points_csv": "C:\\Dropbox\\projects\\new_master_equation_with_gauga_structure_test_git\\data\\sparc\\sparc_points.csv"
  },
  "params": {
    "A_max": -0.0412,
    "A_min": -0.0412,
    "alpha_max": 0.001,
    "alpha_min": 0.001,
    "env_model": "thread",
    "g0": 1.2e-10,
    "gal_gate_eps": 1e-06,
    "gal_hi_p": 99.9,
    "kfold": 5,
    "model": "geo_add_const",
    "nA": 1,
    "nAlpha": 1,
    "seed": 2026,
    "thread_S0": null,
    "thread_Sc_factor": 10.0,
    "thread_calibrate_from_galaxy": true,
    "thread_gate_p": 4.0,
    "thread_k2": 1.0,
    "thread_k4": 0.0,
    "thread_mode": "down",
    "thread_norm": "median",
    "thread_q": 0.6,
    "thread_r_weight_power": 1.0,
    "thread_xi": 0.5,
    "use_env_scale": null
  },
  "runner": {
    "name": "dm_holdout_cv_thread_STIFFGATE",
    "path": "C:\\Dropbox\\projects\\new_master_equation_with_gauga_structure_test_git\\dm_holdout_cv_thread_STIFFGATE.py"
  },
  "telemetry": {
    "all_folds_delta_test_positive": false,
    "delta_chi2_test": {
      "max": -28511.614979363465,
      "mean": -43070.35577463828,
      "min": -52949.40566059046
    },
    "n_galaxies": 175,
    "n_points": 3391,
    "thread_calibration_used": true
  },
  "thread_calibration": [
    {
      "S0": 53705634.46918756,
      "S_hi": 1296.7292081459432,
      "Sc": 12967.292081459433,
      "Seff_hi": 1698321.7056513927,
      "Seff_open_99": 169405946.25858188,
      "fold": 0,
      "gal_gate_eps": 1e-06,
      "gate_at_Shi": 1.0000000000000004e-06,
      "gate_p": 4.0,
      "k4": 5.947047586090961e-09
    },
    {
      "S0": 53360774.84644875,
      "S_hi": 1292.559163904803,
      "Sc": 12925.59163904803,
      "Seff_hi": 1687416.284116226,
      "Seff_open_99": 168318141.0162853,
      "fold": 1,
      "gal_gate_eps": 1e-06,
      "gate_at_Shi": 1.0000000000000004e-06,
      "gate_p": 4.0,
      "k4": 5.9854821214373965e-09
    },
    {
      "S0": 12138540.897804875,
      "S_hi": 616.4851367285872,
      "Sc": 6164.851367285873,
      "Seff_hi": 383854.4630453375,
      "Seff_open_99": 38289111.13918432,
      "fold": 2,
      "gal_gate_eps": 1e-06,
      "gate_at_Shi": 1.0000000000000004e-06,
      "gate_p": 4.0,
      "k4": 2.631205566784585e-08
    },
    {
      "S0": 42709670.70749369,
      "S_hi": 1156.3850780244359,
      "Sc": 11563.850780244358,
      "Seff_hi": 1350598.7131643563,
      "Seff_open_99": 134720914.33435136,
      "fold": 3,
      "gal_gate_eps": 1e-06,
      "gate_at_Shi": 1.0000000000000004e-06,
      "gate_p": 4.0,
      "k4": 7.478164980874609e-09
    },
    {
      "S0": 53778002.505321234,
      "S_hi": 1297.6025816345405,
      "Sc": 12976.025816345405,
      "Seff_hi": 1700610.1844632705,
      "Seff_open_99": 169634219.80494756,
      "fold": 4,
      "gal_gate_eps": 1e-06,
      "gate_at_Shi": 1.0000000000000004e-06,
      "gate_p": 4.0,
      "k4": 5.9390447571544204e-09
    }
  ]
}
