target_label,target_mz,g_bin,g_center,baseline,compare,delta_p_success,ratio_mad_success
T02,1359.47,0,0.007940820904474377,ModeA_points,ModeB_points,-0.125,0.40425908472803523
T02,1359.47,1,0.03970340007685269,ModeA_points,ModeB_points,-0.3194444444444444,0.39011703549488747
T02,1359.47,2,0.08142512747931963,ModeA_points,ModeB_points,0.06944444444444442,0.5858793598847332
T02,1359.47,3,0.10515980938415374,ModeA_points,ModeB_points,0.35,4.107871990139546
T02,1359.47,4,0.12429149635278947,ModeA_points,ModeB_points,-0.27,0.8741876699367604
T02,1359.47,5,0.13916901305263268,ModeA_points,ModeB_points,-0.15000000000000002,1.0287186600569098
T02,1359.47,6,0.15052366605188,ModeA_points,ModeB_points,-0.09375,1.8446120071903633
T02,1359.47,7,0.5782071625459475,ModeA_points,ModeB_points,-0.05045351473922899,1.1362705855422952
