target_label,target_mz,g_bin,g_center,baseline,compare,delta_p_success,ratio_mad_success
T08,816.28,0,0.0041634804246909116,ModeA_points,ModeB_points,0.07142857142857142,
T08,816.28,1,0.023546851096294428,ModeA_points,ModeB_points,0.0,
T08,816.28,2,0.06690455826635652,ModeA_points,ModeB_points,0.0,
T08,816.28,3,0.10333802166746439,ModeA_points,ModeB_points,0.0,
T08,816.28,4,0.1224173824031822,ModeA_points,ModeB_points,-0.03804347826086957,
T08,816.28,5,0.137604230234845,ModeA_points,ModeB_points,0.038461538461538464,
T08,816.28,6,0.148977892139117,ModeA_points,ModeB_points,-0.07094594594594594,
T08,816.28,7,0.5776966929879644,ModeA_points,ModeB_points,0.022606300992622133,0.5151174683642269
