{
  "data": ".\\data\\hepdata\\pdg_sigma_tot_clean_for_runner.csv",
  "s_window_GeV": [
    7.0,
    100000.0
  ],
  "channel": "both",
  "baseline": {
    "form": "PDG/COMPETE: P + H ln^2(s/sM) + R1 (s/sM)^(-eta1) +/- R2 (s/sM)^(-eta2)",
    "P_mb": 33.73,
    "H_mb": 0.2838,
    "R1_mb": 13.67,
    "eta1": 0.412,
    "R2_mb": 7.77,
    "eta2": 0.5626,
    "sM_GeV2": 15.618304
  },
  "geometry": {
    "A_rad": -0.003,
    "template": "cos",
    "env_mode": "eikonal",
    "sqrts_ref_GeV": 13000.0,
    "delta_geo_ref_rad": -1.315523,
    "c1_abs": 0.725147
  },
  "results": [
    {
      "channel": "pp",
      "n": 15,
      "chi2_SM": 107.54079881937183,
      "chi2_GEO": 104.30516859920355,
      "dchi2": 3.235630220168275
    },
    {
      "channel": "pbarp",
      "n": 7,
      "chi2_SM": 10.393116669634878,
      "chi2_GEO": 10.183954751350589,
      "dchi2": 0.20916191828428943
    }
  ],
  "out_csv": ".\\out\\out_sigma_tot_GEO_eikonal_Aneg003.csv"
}