target_label,target_mz,g_bin,g_center,baseline,compare,delta_p_success,ratio_mad_success
T10,1359.91,0,0.008790024694150482,ModeA_points,ModeB_holdout_points,-0.053571428571428575,
T10,1359.91,1,0.057347774775491814,ModeA_points,ModeB_holdout_points,-0.01785714285714285,0.0
T10,1359.91,2,0.10117640441742927,ModeA_points,ModeB_holdout_points,0.04999999999999999,0.8432740108783706
T10,1359.91,3,0.11846445071623277,ModeA_points,ModeB_holdout_points,-0.08333333333333331,1.280484727523303
T10,1359.91,4,0.13273585662577764,ModeA_points,ModeB_holdout_points,-0.1875,1.3284570205739985
T10,1359.91,5,0.14328683016153976,ModeA_points,ModeB_holdout_points,0.07954545454545453,3.2947335882169626
T10,1359.91,6,0.1513031117165234,ModeA_points,ModeB_holdout_points,-0.038461538461538436,0.5907601023570491
T10,1359.91,7,0.576970499999386,ModeA_points,ModeB_holdout_points,0.07021483643985327,1.0197874413689507
