target_label,target_mz,g_bin,g_center,baseline,compare,delta_p_success,ratio_mad_success
T09,816.15,0,0.006688478571325331,ModeA_points,ModeB_holdout_points,0.3333333333333333,
T09,816.15,1,0.035829344929452764,ModeA_points,ModeB_holdout_points,0.25,0.24465564717190974
T09,816.15,2,0.08148135771268017,ModeA_points,ModeB_holdout_points,-0.3846153846153846,0.8311435173372109
T09,816.15,3,0.11317008475376072,ModeA_points,ModeB_holdout_points,0.0,4.943012504106231
T09,816.15,4,0.1284757816883324,ModeA_points,ModeB_holdout_points,-0.13815789473684215,2.176281352748067
T09,816.15,5,0.1414209188032971,ModeA_points,ModeB_holdout_points,-0.017857142857142905,1.3007432761571744
T09,816.15,6,0.15066292874713383,ModeA_points,ModeB_holdout_points,0.40909090909090906,1.1954368702599867
T09,816.15,7,0.5768920180440202,ModeA_points,ModeB_holdout_points,-0.03366164760934376,0.6723935959778172
