target_label,target_mz,g_bin,g_center,baseline,compare,delta_p_success,ratio_mad_success
T08,816.28,0,0.003959142193665964,ModeA_points,ModeB_holdout_points,-0.125,
T08,816.28,1,0.022960414825492527,ModeA_points,ModeB_holdout_points,0.06666666666666667,
T08,816.28,2,0.0694348202100101,ModeA_points,ModeB_holdout_points,0.09499999999999997,1.5799160095130658
T08,816.28,3,0.10676929269025877,ModeA_points,ModeB_holdout_points,-0.29166666666666663,0.3788476545630039
T08,816.28,4,0.12701219807483607,ModeA_points,ModeB_holdout_points,0.17857142857142855,2.828450530913826
T08,816.28,5,0.1403827790511029,ModeA_points,ModeB_holdout_points,0.15909090909090912,0.5138082715432791
T08,816.28,6,0.14886098784471125,ModeA_points,ModeB_holdout_points,0.06521739130434778,4.3255040986020665
T08,816.28,7,0.5764493651695034,ModeA_points,ModeB_holdout_points,-0.06845238095238099,0.7630378933720546
