target_label,target_mz,g_bin,g_center,baseline,compare,delta_p_success,ratio_mad_success
T12,816.35,0,0.0038210066471690667,ModeA_points,ModeB_holdout_points,0.125,
T12,816.35,1,0.03674562938047654,ModeA_points,ModeB_holdout_points,0.125,
T12,816.35,2,0.08399547866210674,ModeA_points,ModeB_holdout_points,-0.125,0.9702532852106756
T12,816.35,3,0.11317008475376072,ModeA_points,ModeB_holdout_points,0.375,1.2214016704637343
T12,816.35,4,0.1284757816883324,ModeA_points,ModeB_holdout_points,-0.02777777777777779,0.9477055013330183
T12,816.35,5,0.1420375137222501,ModeA_points,ModeB_holdout_points,0.2466216216216216,12.079916289255712
T12,816.35,6,0.1513031117165234,ModeA_points,ModeB_holdout_points,0.09615384615384615,0.437739314905216
T12,816.35,7,0.576970499999386,ModeA_points,ModeB_holdout_points,0.057745368545526254,0.9282045371413097
