target_label,target_mz,g_bin,g_center,baseline,compare,delta_p_success,ratio_mad_success
T01,1359.8,0,0.027082235149997733,ModeA_points,ModeB_holdout_points,-0.06818181818181818,0.2552628761676529
T01,1359.8,1,0.08094841052660336,ModeA_points,ModeB_holdout_points,0.0357142857142857,0.35785094932634615
T01,1359.8,2,0.11317008475376072,ModeA_points,ModeB_holdout_points,0.125,1.0216320151976575
T01,1359.8,3,0.1284757816883324,ModeA_points,ModeB_holdout_points,-0.09868421052631582,0.3425819492635252
T01,1359.8,4,0.1403827790511029,ModeA_points,ModeB_holdout_points,-0.07954545454545459,0.36965234303716854
T01,1359.8,5,0.14886098784471125,ModeA_points,ModeB_holdout_points,0.27717391304347827,9.555075425163476
T01,1359.8,6,0.1555160814909291,ModeA_points,ModeB_holdout_points,0.15441176470588236,1.6230203806144734
T01,1359.8,7,0.5792964013078373,ModeA_points,ModeB_holdout_points,-0.01085941623026021,0.8131057194079586
