target_label,target_mz,g_bin,g_center,baseline,compare,delta_p_success,ratio_mad_success
T06,874.45,0,0.008790024694150482,ModeA_points,ModeB_holdout_points,0.3125,
T06,874.45,1,0.05592742387033338,ModeA_points,ModeB_holdout_points,0.26136363636363635,1.5772798482627532
T06,874.45,2,0.1008203447639455,ModeA_points,ModeB_holdout_points,0.2,0.7995846168950425
T06,874.45,3,0.11805730142260532,ModeA_points,ModeB_holdout_points,0.08653846153846156,2.6183703920269723
T06,874.45,4,0.13273585662577764,ModeA_points,ModeB_holdout_points,-0.125,1.8094140298620287
T06,874.45,5,0.14328683016153976,ModeA_points,ModeB_holdout_points,-0.04545454545454547,5.41776198890002
T06,874.45,6,0.1513031117165234,ModeA_points,ModeB_holdout_points,0.1826923076923077,
T06,874.45,7,0.576970499999386,ModeA_points,ModeB_holdout_points,-0.047570925967512556,0.8113524252181002
