target_label,target_mz,g_bin,g_center,baseline,compare,delta_p_success,ratio_mad_success
T11,1529.53,0,0.0009673912225104761,ModeA_points,ModeB_holdout_points,0.04411764705882354,8.857219089850288
T11,1529.53,1,0.004697747260407773,ModeA_points,ModeB_holdout_points,0.025000000000000022,0.5677792895145539
T11,1529.53,2,0.012860984789290016,ModeA_points,ModeB_holdout_points,0.18055555555555558,0.7651884249770351
T11,1529.53,3,0.03881182590608173,ModeA_points,ModeB_holdout_points,-0.3173076923076923,0.9271874053839712
T11,1529.53,4,0.08379465230809666,ModeA_points,ModeB_holdout_points,-0.47115384615384615,0.7280050861940917
T11,1529.53,5,0.11317008475376072,ModeA_points,ModeB_holdout_points,0.19444444444444442,0.8526983610577714
T11,1529.53,6,0.1284757816883324,ModeA_points,ModeB_holdout_points,0.4144736842105263,1.5901230573260174
T11,1529.53,7,0.5676463891132375,ModeA_points,ModeB_holdout_points,0.028264139163994506,1.0143561219589856
