target_label,target_mz,g_bin,g_center,baseline,compare,delta_p_success,ratio_mad_success
T02,1359.47,0,0.007421475781102667,ModeA_points,ModeB_holdout_points,-0.09999999999999998,0.759451392628149
T02,1359.47,1,0.03734487519738447,ModeA_points,ModeB_holdout_points,-0.6022727272727273,0.5775716838567124
T02,1359.47,2,0.08379465230809666,ModeA_points,ModeB_holdout_points,0.375,0.5871380833344974
T02,1359.47,3,0.11317008475376072,ModeA_points,ModeB_holdout_points,-0.125,1.1625874616649532
T02,1359.47,4,0.1284757816883324,ModeA_points,ModeB_holdout_points,-0.08552631578947367,0.46709763033610874
T02,1359.47,5,0.1403827790511029,ModeA_points,ModeB_holdout_points,-0.03409090909090906,1.0366757739434742
T02,1359.47,6,0.14886098784471125,ModeA_points,ModeB_holdout_points,-0.1467391304347826,3.5445543256825487
T02,1359.47,7,0.5764493651695034,ModeA_points,ModeB_holdout_points,0.020434088269454143,1.1807439944780167
