{
  "defaults": {
    "bridge_version": "GKSL_PREDICTIVE_V2 (holdout bridge)",
    "note": "Uses exact slot6 seeds from each target run plus a training-only GKSL-modulated slot profile. Target wide-window CH channels are not used in calibration.",
    "center_slot": 6,
    "profile_scope": "by_channel",
    "train_runs": [
      "01_11",
      "02_54"
    ],
    "holdout_runs": [
      "03_43"
    ],
    "gksl": {
      "dm2": 0.0025,
      "theta_deg": 45.0,
      "L0_km": 1.0,
      "E_GeV": 1.0,
      "steps": 320,
      "gamma_km_inv": 8.105607513315096e-25,
      "use_microphysics": true,
      "n_cm3": 1e+18,
      "visibility_ref": 0.9,
      "v_cm_s": 30000000000.0
    },
    "profiles": {
      "pp": {
        "tilt": 0.009088186061862381,
        "abs_km": 0.0,
        "quad_km": 0.0
      },
      "p0": {
        "tilt": -0.006165598365290345,
        "abs_km": 0.0,
        "quad_km": 0.0
      },
      "0p": {
        "tilt": -0.0033959964886799447,
        "abs_km": 0.0,
        "quad_km": 0.0
      }
    }
  },
  "runs": {
    "01_11": {
      "seed_source": "exact single-slot counts from original HDF5 at center_slot",
      "p_pp_seed_by_setting": {
        "00": 2.8347847662092812e-05,
        "01": 2.938315947397667e-05,
        "10": 2.7373877993610165e-05,
        "11": 1.9120509388534593e-07
      },
      "p_p0_seed_by_setting": {
        "00": 1.3622454940268938e-05,
        "01": 1.2919671957207793e-05,
        "10": 0.00010511043418148783,
        "11": 0.00013163275682169284
      },
      "p_0p_seed_by_setting": {
        "00": 1.3317387043243104e-05,
        "01": 0.00011071490001476433,
        "10": 1.4063314883666156e-05,
        "11": 0.00013781107141786308
      }
    },
    "02_54": {
      "seed_source": "exact single-slot counts from original HDF5 at center_slot",
      "p_pp_seed_by_setting": {
        "00": 2.6468599856229164e-05,
        "01": 2.6765078371016455e-05,
        "10": 2.7792533900115088e-05,
        "11": 2.553241467705325e-07
      },
      "p_p0_seed_by_setting": {
        "00": 1.2645236133094645e-05,
        "01": 1.2587245220705465e-05,
        "10": 9.547668359608441e-05,
        "11": 0.00012216278407020865
      },
      "p_0p_seed_by_setting": {
        "00": 1.5610190568028325e-05,
        "01": 0.00010609810597109458,
        "10": 1.3473977565709504e-05,
        "11": 0.00013176690005257713
      }
    },
    "03_43": {
      "seed_source": "exact single-slot counts from original HDF5 at center_slot",
      "p_pp_seed_by_setting": {
        "00": 2.9228219349312645e-05,
        "01": 3.0998898418664025e-05,
        "10": 2.8652552277459512e-05,
        "11": 3.361184355882797e-07
      },
      "p_p0_seed_by_setting": {
        "00": 1.2766348681308972e-05,
        "01": 1.3818786042055048e-05,
        "10": 0.00010254401043236813,
        "11": 0.0001347087996852139
      },
      "p_0p_seed_by_setting": {
        "00": 1.7805696844983565e-05,
        "01": 0.00011245503992602094,
        "10": 1.4606451030621472e-05,
        "11": 0.0001387795674051164
      }
    }
  }
}