{
  "galaxies": [
    {
      "epsilon0": 0.0,
      "g0": 0.5,
      "meta": {
        "env_scale": 0.2526737777777778,
        "n_points": 9
      },
      "name": "CamB_rotmod",
      "obs": {
        "a_bary": [
          65.5678124895589,
          153.21475607316293,
          176.52789470873162,
          191.71520544892311,
          188.7698888588289,
          176.75698110392844,
          154.75872948355274,
          130.40231290440462,
          88.77215082385264
        ],
        "g_bar_mps2": [
          2.124908088041714e-12,
          4.965352083982456e-12,
          5.72087945272373e-12,
          6.213066673893792e-12,
          6.11761546381825e-12,
          5.728303637175385e-12,
          5.0153888545088644e-12,
          4.226051150235344e-12,
          2.8769094791518544e-12
        ],
        "g_obs_mps2": [
          8.021131290080394e-13,
          1.851639007873364e-12,
          2.6212844287451225e-12,
          3.492800932571033e-12,
          4.278188748654278e-12,
          5.087717750532423e-12,
          5.7401639070166624e-12,
          6.222296235733182e-12,
          7.314565590661553e-12
        ],
        "r": [
          0.16,
          0.41,
          0.57,
          0.73,
          0.9,
          1.06,
          1.22,
          1.47,
          1.79
        ],
        "sigma_v": [
          1.5,
          1.5,
          1.5,
          1.5,
          1.5,
          1.5,
          1.5,
          1.5,
          1.5
        ],
        "v_obs": [
          1.99,
          4.84,
          6.79,
          8.87,
          10.9,
          12.9,
          14.7,
          16.8,
          20.1
        ]
      },
      "omega0": 0.0,
      "r0": 0.16,
      "theta0": 0.0,
      "v0": 1.99
    },
    {
      "epsilon0": 0.0,
      "g0": 0.5,
      "meta": {
        "env_scale": 3.699211111111111,
        "n_points": 16
      },
      "name": "D631-7_rotmod",
      "obs": {
        "a_bary": [
          267.68899995737286,
          336.6169999463967,
          366.2065184602034,
          321.5426943932416,
          264.1836444023755,
          223.32375461127782,
          184.84640124445022,
          155.41596097803688,
          132.04525987996303,
          111.57907570606275,
          95.47451415483697,
          81.62641928199244,
          70.30201197510641,
          60.84021461670282,
          52.958278923317586,
          46.264826140059704
        ],
        "g_bar_mps2": [
          8.675209672120726e-12,
          1.0909014020748938e-11,
          1.1867945008743394e-11,
          1.0420489048276934e-11,
          8.561608835254894e-12,
          7.237429989004344e-12,
          5.990463889767303e-12,
          5.036688276669204e-12,
          4.279295435564272e-12,
          3.6160315774113522e-12,
          3.0941182819202968e-12,
          2.6453320912270787e-12,
          2.2783330445147507e-12,
          1.971697075265584e-12,
          1.7162609356663562e-12,
          1.4993409040832548e-12
        ],
        "g_obs_mps2": [
          5.093648036927778e-12,
          1.140898344519503e-11,
          1.6227902219736228e-11,
          1.7190713740857636e-11,
          1.7343066376120292e-11,
          1.813679841450233e-11,
          1.864222162916842e-11,
          1.8770882516153305e-11,
          1.9103270868946507e-11,
          1.936701251805946e-11,
          1.9700789144479767e-11,
          1.9261652876609262e-11,
          1.892615105035509e-11,
          1.7632363948014276e-11,
          1.6008151454828233e-11,
          1.4798912702697897e-11
        ],
        "r": [
          0.45,
          0.9,
          1.35,
          1.8,
          2.25,
          2.69,
          3.14,
          3.59,
          4.04,
          4.49,
          4.94,
          5.39,
          5.84,
          6.29,
          6.74,
          7.19
        ],
        "sigma_v": [
          1.58,
          2.22,
          2.35,
          2.22,
          1.82,
          1.81,
          1.57,
          1.59,
          1.83,
          1.91,
          2.19,
          2.73,
          3.27,
          3.95,
          4.07,
          3.94
        ],
        "v_obs": [
          8.41,
          17.8,
          26.0,
          30.9,
          34.7,
          38.8,
          42.5,
          45.6,
          48.8,
          51.8,
          54.8,
          56.6,
          58.4,
          58.5,
          57.7,
          57.3
        ]
      },
      "omega0": 0.0,
      "r0": 0.45,
      "theta0": 0.0,
      "v0": 8.41
    },
    {
      "epsilon0": 0.0,
      "g0": 0.5,
      "meta": {
        "env_scale": 2.3983684444444444,
        "n_points": 14
      },
      "name": "DDO064_rotmod",
      "obs": {
        "a_bary": [
          31.97699999490794,
          86.36849998624658,
          96.25316324997864,
          149.39608693273175,
          133.04460672038687,
          146.1880274996566,
          183.44333330412152,
          238.97445942140482,
          266.17547614809024,
          276.9635105941938,
          273.1416345718892,
          256.8217400472091,
          251.94689869405687,
          214.6311912409897
        ],
        "g_bar_mps2": [
          1.0363039933856245e-12,
          2.7990124606037567e-12,
          3.119352580537112e-12,
          4.841597445327252e-12,
          4.311682061003601e-12,
          4.737631319610531e-12,
          5.944993554533056e-12,
          7.744634789223781e-12,
          8.626159705960875e-12,
          8.975776092083997e-12,
          8.851917525465186e-12,
          8.323025763565968e-12,
          8.165042914574582e-12,
          6.95572319553336e-12
        ],
        "g_obs_mps2": [
          1.282185158855058e-11,
          2.087169888378486e-11,
          1.6095429548554707e-11,
          1.5901423713540355e-11,
          1.8434208036867528e-11,
          2.087924088084684e-11,
          3.1304671820028905e-11,
          3.591681236156162e-11,
          3.7686405065655297e-11,
          3.695333061164357e-11,
          3.3544558552894904e-11,
          3.060452050655943e-11,
          2.94399501223719e-11,
          2.3920974942465505e-11
        ],
        "r": [
          0.1,
          0.3,
          0.49,
          0.69,
          0.89,
          1.09,
          1.29,
          1.48,
          1.68,
          1.88,
          2.08,
          2.27,
          2.37,
          2.98
        ],
        "sigma_v": [
          4.62,
          4.62,
          4.62,
          4.62,
          4.62,
          4.62,
          4.62,
          4.62,
          4.89,
          4.62,
          4.62,
          4.62,
          6.73,
          8.65
        ],
        "v_obs": [
          6.29,
          13.9,
          15.6,
          18.4,
          22.5,
          26.5,
          35.3,
          40.5,
          44.2,
          46.3,
          46.4,
          46.3,
          46.4,
          46.9
        ]
      },
      "omega0": 0.0,
      "r0": 0.1,
      "theta0": 0.0,
      "v0": 6.29
    },
    {
      "epsilon0": 0.0,
      "g0": 0.5,
      "meta": {
        "env_scale": 2.450268444444444,
        "n_points": 12
      },
      "name": "DDO154_rotmod",
      "obs": {
        "a_bary": [
          183.17479588919835,
          163.13419189321422,
          136.4919932215081,
          123.86203043712885,
          109.29923075182579,
          102.83540538902975,
          99.64984102459407,
          88.8492531504085,
          74.80235359169195,
          62.82610322886187,
          52.760524853476824,
          44.628952695595935
        ],
        "g_bar_mps2": [
          5.936290849604431e-12,
          5.286819105719595e-12,
          4.423404248776829e-12,
          4.014095030530957e-12,
          3.5421468342912327e-12,
          3.332668520594529e-12,
          3.2294314104035377e-12,
          2.8794081953829544e-12,
          2.4241791836025255e-12,
          2.036055342130117e-12,
          1.7098521627259028e-12,
          1.4463258562851105e-12
        ],