target_label,target_mz,g_bin,g_center,baseline,compare,delta_p_success,ratio_mad_success
T03,1359.59,0,0.005316659071309933,ModeA_points,ModeB_holdout_points,0.25,3.7027148377813837
T03,1359.59,1,0.02116217298599692,ModeA_points,ModeB_holdout_points,-0.06944444444444442,0.4452182001697093
T03,1359.59,2,0.0723230657588784,ModeA_points,ModeB_holdout_points,-0.1964285714285714,0.8110560777549116
T03,1359.59,3,0.1263063164557513,ModeA_points,ModeB_holdout_points,0.5,0.5522756874124387
T03,1359.59,4,0.1461649808271278,ModeA_points,ModeB_holdout_points,0.3125,
T03,1359.59,5,0.16006722105024662,ModeA_points,ModeB_holdout_points,0.024999999999999994,0.0
T03,1359.59,6,0.16798612839647648,ModeA_points,ModeB_holdout_points,-0.1,
T03,1359.59,7,0.5853018247701445,ModeA_points,ModeB_holdout_points,0.03441810010847668,0.8988260190356991
