target_label,target_mz,g_bin,g_center,baseline,compare,delta_p_success,ratio_mad_success
T07,874.37,0,0.008494814022412079,ModeA_points,ModeB_holdout_points,-0.125,
T07,874.37,1,0.0311433155450222,ModeA_points,ModeB_holdout_points,0.0,
T07,874.37,2,0.0889835613482258,ModeA_points,ModeB_holdout_points,-0.23076923076923078,
T07,874.37,3,0.13846613963391358,ModeA_points,ModeB_holdout_points,0.06818181818181818,0.43313712816027367
T07,874.37,4,0.15434882613821935,ModeA_points,ModeB_holdout_points,0.125,
T07,874.37,5,0.1647832953661028,ModeA_points,ModeB_holdout_points,0.20238095238095238,
T07,874.37,6,0.17120579175793643,ModeA_points,ModeB_holdout_points,0.0,
T07,874.37,7,0.5866111563031892,ModeA_points,ModeB_holdout_points,-0.061250720935980885,1.2586871454119761
