target_label,target_mz,g_bin,g_center,baseline,compare,delta_p_success,ratio_mad_success
T01,1359.8,0,0.004412881153552691,ModeA_points,ModeB_holdout_points,-0.2222222222222222,
T01,1359.8,1,0.01595734449985362,ModeA_points,ModeB_holdout_points,0.0,
T01,1359.8,2,0.06883309088167935,ModeA_points,ModeB_holdout_points,0.08333333333333331,0.39559514755611636
T01,1359.8,3,0.1263063164557513,ModeA_points,ModeB_holdout_points,-0.5,1.2209510446290763
T01,1359.8,4,0.1461649808271278,ModeA_points,ModeB_holdout_points,0.25,0.7080337810413319
T01,1359.8,5,0.16006722105024662,ModeA_points,ModeB_holdout_points,0.025000000000000022,0.9665312776205184
T01,1359.8,6,0.16798612839647648,ModeA_points,ModeB_holdout_points,0.3,0.4024871818807731
T01,1359.8,7,0.5853018247701445,ModeA_points,ModeB_holdout_points,0.0750658608399194,0.7930649090469214
