target_label,target_mz,g_bin,g_center,baseline,compare,delta_p_success,ratio_mad_success
T02,1359.47,0,0.00569866436721068,ModeA_points,ModeB_holdout_points,-0.3181818181818182,2.173827202763065
T02,1359.47,1,0.02876741847903696,ModeA_points,ModeB_holdout_points,-0.2692307692307692,1.1551568292517238
T02,1359.47,2,0.0889835613482258,ModeA_points,ModeB_holdout_points,-0.20833333333333337,0.6105369674339949
T02,1359.47,3,0.13846613963391358,ModeA_points,ModeB_holdout_points,-0.17045454545454541,0.059565235515734255
T02,1359.47,4,0.15434882613821935,ModeA_points,ModeB_holdout_points,0.3,2.2757233537856756
T02,1359.47,5,0.1647832953661028,ModeA_points,ModeB_holdout_points,-0.23863636363636365,0.0
T02,1359.47,6,0.17120579175793643,ModeA_points,ModeB_holdout_points,-0.16666666666666663,0.603412535284191
T02,1359.47,7,0.5866111563031892,ModeA_points,ModeB_holdout_points,-0.008430166324903232,0.8961189158648223
