target_label,target_mz,g_bin,g_center,baseline,compare,delta_p_success,ratio_mad_success
T06,874.45,0,0.0082424044675146,ModeA_points,ModeB_holdout_points,-0.17045454545454547,3.83637711750403
T06,874.45,1,0.028433427589498364,ModeA_points,ModeB_holdout_points,0.125,0.3346243141658405
T06,874.45,2,0.08120003595864428,ModeA_points,ModeB_holdout_points,-0.10714285714285715,0.6714990607105515
T06,874.45,3,0.1345425418262956,ModeA_points,ModeB_holdout_points,-0.041666666666666685,0.2037064623659151
T06,874.45,4,0.1521911981505308,ModeA_points,ModeB_holdout_points,0.11538461538461536,2.309917178394835
T06,874.45,5,0.16262074072392968,ModeA_points,ModeB_holdout_points,0.25,1.6241466445271542
T06,874.45,6,0.169817032740045,ModeA_points,ModeB_holdout_points,0.07500000000000001,3.429498937813461
T06,874.45,7,0.5862305215505816,ModeA_points,ModeB_holdout_points,-0.08016267219623541,1.072488562492522
