{
  "fold_telemetry": [
    {
      "env_test": {
        "max": 1.0,
        "min": 1.0,
        "n": 649,
        "p50": 1.0
      },
      "env_train": {
        "max": 1.0,
        "min": 1.0,
        "n": 2742,
        "p50": 1.0
      },
      "fold": 0,
      "gbar_test": {
        "frac_le_0": 0.0,
        "frac_le_1e-30": 0.0,
        "min": 9.90913638657667e-13,
        "n": 649,
        "p01": 1.8331168446518972e-12,
        "p05": 2.950626574206756e-12,
        "p50": 2.4135862268378297e-11
      },
      "gbar_train": {
        "frac_le_0": 0.0,
        "frac_le_1e-30": 0.0,
        "min": 4.655976434945415e-13,
        "n": 2742,
        "p01": 1.4903673389418472e-12,
        "p05": 2.711548837561883e-12,
        "p50": 1.6953455142173217e-11
      },
      "gpred_test_best": {
        "frac_le_0": 0.0,
        "frac_le_1e-30": 0.0,
        "min": 2.2330091070812476e-11,
        "n": 649,
        "p01": 2.3172146252559348e-11,
        "p05": 2.428946114370008e-11,
        "p50": 4.547130479873086e-11
      },
      "gpred_train_best": {
        "frac_le_0": 0.0,
        "frac_le_1e-30": 0.0,
        "min": 2.180486792759394e-11,
        "n": 2742,
        "p01": 2.282945686394525e-11,
        "p05": 2.4050424940872416e-11,
        "p50": 3.828998826619773e-11
      }
    },
    {
      "env_test": {
        "max": 1.0,
        "min": 1.0,
        "n": 588,
        "p50": 1.0
      },
      "env_train": {
        "max": 1.0,
        "min": 1.0,
        "n": 2803,
        "p50": 1.0
      },
      "fold": 1,
      "gbar_test": {
        "frac_le_0": 0.0,
        "frac_le_1e-30": 0.0,
        "min": 4.655976434945415e-13,
        "n": 588,
        "p01": 1.2794448960132026e-12,
        "p05": 2.5079429377069543e-12,
        "p50": 1.586910701853251e-11
      },
      "gbar_train": {
        "frac_le_0": 0.0,
        "frac_le_1e-30": 0.0,
        "min": 6.06299946912126e-13,
        "n": 2803,
        "p01": 1.6975622866810167e-12,
        "p05": 2.777305344481552e-12,
        "p50": 1.965380869243856e-11
      },
      "gpred_test_best": {
        "frac_le_0": 0.0,
        "frac_le_1e-30": 0.0,
        "min": 2.180486792759394e-11,
        "n": 588,
        "p01": 2.2618571502298436e-11,
        "p05": 2.384685447642107e-11,
        "p50": 3.720580976354816e-11
      },
      "gpred_train_best": {
        "frac_le_0": 0.0,
        "frac_le_1e-30": 0.0,
        "min": 2.194554532157081e-11,
        "n": 2803,
        "p01": 2.3036615450067737e-11,
        "p05": 2.4116170016166103e-11,
        "p50": 4.0989925215321195e-11
      }
    },
    {
      "env_test": {
        "max": 1.0,
        "min": 1.0,
        "n": 795,
        "p50": 1.0
      },
      "env_train": {
        "max": 1.0,
        "min": 1.0,
        "n": 2596,
        "p50": 1.0
      },
      "fold": 2,
      "gbar_test": {
        "frac_le_0": 0.0,
        "frac_le_1e-30": 0.0,
        "min": 8.320764163354394e-13,
        "n": 795,
        "p01": 1.7103869331150766e-12,
        "p05": 2.8322646862005842e-12,
        "p50": 4.064372482509242e-11
      },
      "gbar_train": {
        "frac_le_0": 0.0,
        "frac_le_1e-30": 0.0,
        "min": 4.655976434945415e-13,
        "n": 2596,
        "p01": 1.5605598325242233e-12,
        "p05": 2.6897694267160256e-12,
        "p50": 1.5895259247440393e-11
      },
      "gpred_test_best": {
        "frac_le_0": 0.0,
        "frac_le_1e-30": 0.0,
        "min": 2.217128188104731e-11,
        "n": 795,
        "p01": 2.304943784826816e-11,
        "p05": 2.417111980803776e-11,
        "p50": 6.197685402163608e-11
      },
      "gpred_train_best": {
        "frac_le_0": 0.0,
        "frac_le_1e-30": 0.0,
        "min": 2.180486792759394e-11,
        "n": 2596,
        "p01": 2.2899637032174793e-11,
        "p05": 2.4028649317685502e-11,
        "p50": 3.723195787331324e-11
      }
    },
    {
      "env_test": {
        "max": 1.0,
        "min": 1.0,
        "n": 697,
        "p50": 1.0
      },
      "env_train": {
        "max": 1.0,
        "min": 1.0,
        "n": 2694,
        "p50": 1.0
      },
      "fold": 3,
      "gbar_test": {
        "frac_le_0": 0.0,
        "frac_le_1e-30": 0.0,
        "min": 6.06299946912126e-13,
        "n": 697,
        "p01": 1.285008823368875e-12,
        "p05": 2.686737272418559e-12,
        "p50": 1.7053414109909932e-11
      },
      "gbar_train": {
        "frac_le_0": 0.0,
        "frac_le_1e-30": 0.0,
        "min": 4.655976434945415e-13,
        "n": 2694,
        "p01": 1.6960181896517293e-12,
        "p05": 2.723917262876404e-12,
        "p50": 1.883458586070446e-11
      },
      "gpred_test_best": {
        "frac_le_0": 0.0,
        "frac_le_1e-30": 0.0,
        "min": 2.194554532157081e-11,
        "n": 697,
        "p01": 2.262413444893286e-11,
        "p05": 2.402561769077054e-11,
        "p50": 3.8389931666608003e-11
      },
      "gpred_train_best": {
        "frac_le_0": 0.0,
        "frac_le_1e-30": 0.0,
        "min": 2.180486792759394e-11,
        "n": 2694,
        "p01": 2.303507162379759e-11,
        "p05": 2.4062791215496968e-11,
        "p50": 4.017082791223434e-11
      }
    },
    {
      "env_test": {
        "max": 1.0,
        "min": 1.0,
        "n": 662,
        "p50": 1.0
      },
      "env_train": {
        "max": 1.0,
        "min": 1.0,
        "n": 2729,
        "p50": 1.0
      },
      "fold": 4,
      "gbar_test": {
        "frac_le_0": 0.0,
        "frac_le_1e-30": 0.0,
        "min": 1.0363039933856243e-12,
        "n": 662,
        "p01": 1.7322398744331012e-12,
        "p05": 2.773312974250885e-12,
        "p50": 9.722238138053451e-12
      },
      "gbar_train": {
        "frac_le_0": 0.0,
        "frac_le_1e-30": 0.0,
        "min": 4.655976434945415e-13,
        "n": 2729,
        "p01": 1.4823495827395867e-12,
        "p05": 2.713663231098597e-12,
        "p50": 2.3181344782265088e-11
      },
      "gpred_test_best": {
        "frac_le_0": 0.0,
        "frac_le_1e-30": 0.0,
        "min": 2.23754734215426e-11,
        "n": 662,
        "p01": 2.307128695814227e-11,
        "p05": 2.4112178339831876e-11,
        "p50": 3.105992870680102e-11
      },
      "gpred_train_best": {
        "frac_le_0": 0.0,
        "frac_le_1e-30": 0.0,
        "min": 2.180486792759394e-11,
        "n": 2729,
        "p01": 2.2821440516023018e-11,
        "p05": 2.4052538966734462e-11,
        "p50": 4.451692907367511e-11
      }
    }
  ],
  "folds": [
    {
      "A_best": 0.177827941,
      "alpha_best": 0.001,
      "chi2_test_base": 162.50260233212413,
      "chi2_test_best": 37.36191575007256,
      "chi2_train_base": 783.3403356086048,
      "chi2_train_best": 143.15843274304444,
      "delta_chi2_test": 125.14068658205156,
      "delta_chi2_train": 640.1819028655605,
      "env_model": "none",
      "fold": 0,
      "n_test_galaxies": 35,
      "n_test_points": 649,
      "n_train_points": 2742,
      "thread_S0": null,
      "thread_gate_p": 4.0,
      "thread_k2": 1.0,
      "thread_k4": 0.0,
      "thread_mode": "down",
      "thread_norm": "median",
      "thread_norm_scale_train": 1.0,
      "thread_q": 0.6,
      "thread_r_weight_power": 1.0,
      "thread_xi": 0.5,
      "use_env_scale": null
    },
    {
      "A_best": 0.177827941,
      "alpha_best": 0.001,
      "chi2_test_base": 184.21943466970106,
      "chi2_test_best": 25.780452107747614,
      "chi2_train_base": 761.6235032710279,
      "chi2_train_best": 154.7398963853694,
      "delta_chi2_test": 158.43898256195345,
      "delta_chi2_train": 606.8836068856584,
      "env_model": "none",
      "fold": 1,
      "n_test_galaxies": 35,
      "n_test_points": 588,
      "n_train_points": 2803,
      "thread_S0": null,
      "thread_gate_p": 4.0,
      "thread_k2": 1.0,
      "thread_k4": 0.0,
      "thread_mode": "down",
      "thread_norm": "median",
      "thread_norm_scale_train": 1.0,
      "thread_q": 0.6,
      "thread_r_weight_power": 1.0,
      "thread_xi": 0.5,