target_label,target_mz,g_bin,g_center,baseline,compare,delta_p_success,ratio_mad_success
T11,1529.53,0,0.0021408086099869088,ModeA_points,ModeB_points,0.02777777777777779,2.22586017865517
T11,1529.53,1,0.006415836645672554,ModeA_points,ModeB_points,-0.125,0.8617874185963301
T11,1529.53,2,0.019774010349121622,ModeA_points,ModeB_points,-0.3392857142857143,0.1334662172234896
T11,1529.53,3,0.06155860160992231,ModeA_points,ModeB_points,-0.0892857142857143,1.4340308165917672
T11,1529.53,4,0.09674844004369368,ModeA_points,ModeB_points,-0.25,2.5156297089875057
T11,1529.53,5,0.1089644432712655,ModeA_points,ModeB_points,0.0,0.49153008978518337
T11,1529.53,6,0.12578465465362998,ModeA_points,ModeB_points,0.07692307692307687,1.2287672313847353
T11,1529.53,7,0.5675387117490844,ModeA_points,ModeB_points,-0.15959462436660055,1.2830288134920123
