target_label,target_mz,g_bin,g_center,baseline,compare,delta_p_success,ratio_mad_success
T01,1359.8,0,0.02856740579239219,ModeA_points,ModeB_points,-0.14772727272727273,2.039474234773672
T01,1359.8,1,0.07843906541447432,ModeA_points,ModeB_points,0.04999999999999999,0.25937963500487476
T01,1359.8,2,0.10515980938415374,ModeA_points,ModeB_points,0.325,0.8008513465806764
T01,1359.8,3,0.12429149635278947,ModeA_points,ModeB_points,-0.09999999999999998,0.9585445380189189
T01,1359.8,4,0.13916901305263268,ModeA_points,ModeB_points,-0.25833333333333336,3.127790340699154
T01,1359.8,5,0.15052366605188,ModeA_points,ModeB_points,0.125,6.299328013437543
T01,1359.8,6,0.15903123329390342,ModeA_points,ModeB_points,-0.01785714285714285,4.418443495630492
T01,1359.8,7,0.5808853194327793,ModeA_points,ModeB_points,-0.12295081967213117,1.257454475935367
