target_label,target_mz,g_bin,g_center,baseline,compare,delta_p_success,ratio_mad_success
T06,874.45,0,0.009376599136565869,ModeA_points,ModeB_points,0.5454545454545454,
T06,874.45,1,0.04550370612696021,ModeA_points,ModeB_points,-0.5,0.0
T06,874.45,2,0.08390678701438341,ModeA_points,ModeB_points,0.2857142857142857,1.8064366938539471
T06,874.45,3,0.10501403164293269,ModeA_points,ModeB_points,-0.04999999999999999,1.1577754117702843
T06,874.45,4,0.12428785300457175,ModeA_points,ModeB_points,0.17307692307692307,0.8313963846275769
T06,874.45,5,0.13916901305263268,ModeA_points,ModeB_points,-0.26666666666666666,0.7467608353018496
T06,874.45,6,0.15052366605188,ModeA_points,ModeB_points,-0.125,1.3394987862670615
T06,874.45,7,0.5782071625459475,ModeA_points,ModeB_points,0.05293040293040291,0.8277872018416035
