target_label,target_mz,g_bin,g_center,baseline,compare,delta_p_success,ratio_mad_success
T08,816.28,0,0.0041634804246909116,ModeA_points,ModeB_points,-0.125,
T08,816.28,1,0.023546851096294428,ModeA_points,ModeB_points,0.08333333333333333,
T08,816.28,2,0.06690455826635652,ModeA_points,ModeB_points,-0.032894736842105254,0.0
T08,816.28,3,0.10333802166746439,ModeA_points,ModeB_points,-0.6022727272727273,0.0
T08,816.28,4,0.1224173824031822,ModeA_points,ModeB_points,-0.32065217391304346,5.274752447538088
T08,816.28,5,0.137604230234845,ModeA_points,ModeB_points,0.17307692307692307,0.6964849293233454
T08,816.28,6,0.148977892139117,ModeA_points,ModeB_points,0.08445945945945948,0.7221606027246668
T08,816.28,7,0.5776966929879644,ModeA_points,ModeB_points,-0.11140796152818594,1.1977960790112683
