target_label,target_mz,g_bin,g_center,baseline,compare,delta_p_success,ratio_mad_success
T02,1359.47,0,0.007940820904474377,ModeA_points,ModeB_points,0.375,
T02,1359.47,1,0.03970340007685269,ModeA_points,ModeB_points,0.3194444444444444,
T02,1359.47,2,0.08142512747931963,ModeA_points,ModeB_points,0.2916666666666667,0.8068599382193952
T02,1359.47,3,0.10515980938415374,ModeA_points,ModeB_points,0.22499999999999998,2.605220866698225
T02,1359.47,4,0.12429149635278947,ModeA_points,ModeB_points,-0.18,0.8860319466768883
T02,1359.47,5,0.13916901305263268,ModeA_points,ModeB_points,-0.06666666666666665,3.3260286217947304
T02,1359.47,6,0.15052366605188,ModeA_points,ModeB_points,-0.09375,4.110879177091186
T02,1359.47,7,0.5782071625459475,ModeA_points,ModeB_points,0.006235827664399118,1.0037912050399576
