target_label,target_mz,g_bin,g_center,baseline,compare,delta_p_success,ratio_mad_success
T05,816.22,0,0.0,ModeA_points,ModeB_points,-0.125,0.9097071404917566
T05,816.22,1,0.0,ModeA_points,ModeB_points,0.025000000000000022,1.9116174467844755
T05,816.22,2,0.0,ModeA_points,ModeB_points,0.0,0.5114483656622555
T05,816.22,3,0.0,ModeA_points,ModeB_points,-0.05882352941176472,0.9654144920787762
T05,816.22,4,0.00010917254494175821,ModeA_points,ModeB_points,-0.125,0.8379003559443823
T05,816.22,5,0.0005126475378999276,ModeA_points,ModeB_points,0.0,0.12164008872529733
T05,816.22,6,0.0016637555638809752,ModeA_points,ModeB_points,-0.07499999999999996,1.722164591102296
T05,816.22,7,0.5013541042561328,ModeA_points,ModeB_points,-0.036014375379631536,1.1182763395362885
