target_label,target_mz,g_bin,g_center,baseline,compare,delta_p_success,ratio_mad_success
T12,816.35,0,0.004536677159087012,ModeA_points,ModeB_points,-0.125,
T12,816.35,1,0.03837856448675269,ModeA_points,ModeB_points,-0.04166666666666667,
T12,816.35,2,0.0816358193331284,ModeA_points,ModeB_points,0.125,0.4503555497285299
T12,816.35,3,0.10501403164293269,ModeA_points,ModeB_points,0.22499999999999998,0.4361159033778386
T12,816.35,4,0.12428785300457175,ModeA_points,ModeB_points,-0.20192307692307693,2.297238782807022
T12,816.35,5,0.13916901305263268,ModeA_points,ModeB_points,0.07499999999999996,1.3682364783805954
T12,816.35,6,0.1514242484195237,ModeA_points,ModeB_points,0.09722222222222221,0.9041012440895321
T12,816.35,7,0.5794386163851575,ModeA_points,ModeB_points,-0.04163334221985249,1.024820552225835
