target_label,target_mz,g_bin,g_center,baseline,compare,delta_p_success,ratio_mad_success
T09,816.15,0,0.007171815552931395,ModeA_points,ModeB_points,0.29411764705882354,
T09,816.15,1,0.038181500435962745,ModeA_points,ModeB_points,-0.10227272727272729,3.374182771196657
T09,816.15,2,0.07899819337937795,ModeA_points,ModeB_points,-0.13888888888888884,0.7708957476202963
T09,816.15,3,0.10516345273237146,ModeA_points,ModeB_points,-0.17500000000000004,0.5788216442589336
T09,816.15,4,0.12459349817271292,ModeA_points,ModeB_points,-0.29166666666666663,1.1684569501478483
T09,816.15,5,0.13916901305263268,ModeA_points,ModeB_points,-0.10833333333333328,2.4960968553602227
T09,816.15,6,0.15125596273601696,ModeA_points,ModeB_points,0.08467741935483875,0.7958839699438354
T09,816.15,7,0.5789640015366174,ModeA_points,ModeB_points,-0.07226397567978382,0.8337273957555179
