{
  "args": {
    "in_csv": "C:/Dropbox/projects/new_master_equation_with_gauga_structure_test_git/integration_artifacts/entanglement_photon_bridge/nist_run4_coincidences.csv",
    "out_prefix": "C:/Dropbox/projects/new_master_equation_with_gauga_structure_test_git/out/entanglement_dynamic_full/nist_run4_fullmodel_locked_v1",
    "dm2": 0.0025,
    "theta_deg": 45.0,
    "L_km": 295.0,
    "E_GeV": 1.0,
    "steps": 320,
    "gamma_km_inv": null,
    "use_microphysics": true,
    "n_cm3": 1e+18,
    "visibility": 0.9,
    "v_cm_s": 30000000000.0,
    "state_mode": "gap_proxy",
    "k_gap": 0.0,
    "k_jitter": 0.0,
    "gap_scale": 1.0,
    "jitter_scale": 1.0,
    "gamma_floor_mult": 0.0,
    "angle_sign": -1.0,
    "a0_deg": 0.0,
    "a1_deg": 45.0,
    "b0_deg": 22.5,
    "b1_deg": -22.5,
    "null_trials": 5000,
    "seed": 12345,
    "save_null_samples": false
  },
  "io": {
    "in_csv": "C:\\Dropbox\\projects\\new_master_equation_with_gauga_structure_test_git\\integration_artifacts\\entanglement_photon_bridge\\nist_run4_coincidences.csv"
  },
  "observed": {
    "E": {
      "00": 0.9992063492063492,
      "01": 0.998250079541839,
      "10": 0.9972075705864102,
      "11": 0.539622641509434
    },
    "S_signed": 2.455041357825164,
    "S_abs": 2.455041357825164,
    "counts": {
      "00": {
        "npp": 6309,
        "npm": 2,
        "nmp": 3,
        "nmm": 6286,
        "n": 12600
      },
      "01": {
        "npp": 6338,
        "npm": 2,
        "nmp": 9,
        "nmm": 6223,
        "n": 12572
      },
      "10": {
        "npp": 6460,
        "npm": 11,
        "nmp": 7,
        "nmm": 6414,
        "n": 12892
      },
      "11": {
        "npp": 106,
        "npm": 29,
        "nmp": 32,
        "nmm": 98,
        "n": 265
      }
    }
  },
  "model": {
    "E": {
      "00": -0.3184764411125164,
      "01": -0.3184764411125164,
      "10": -0.3184764411125164,
      "11": 0.31847644111251633
    },
    "S_signed": -1.2739057644500655,
    "S_abs": 1.2739057644500655,
    "V": {
      "00": 0.450393702317637,
      "01": 0.450393702317637,
      "10": 0.450393702317637,
      "11": 0.450393702317637
    },
    "gamma_eff_km_inv": {
      "00": 8.105607513315096e-25,
      "01": 8.105607513315096e-25,
      "10": 8.105607513315096e-25,
      "11": 8.105607513315096e-25
    }
  },
  "residuals": {
    "abs_delta_S_abs": 1.1811355933750987,
    "abs_delta_S_signed": 3.7289471222752297,
    "per_setting_abs_delta_E": {
      "00": 1.3176827903188655,
      "01": 1.3167265206543552,
      "10": 1.3156840116989266,
      "11": 0.22114620039691762
    }
  },
  "null": {
    "n": 5000,
    "p_S_abs": 0.0,
    "p95_S_abs": 0.12346342087655969,
    "mean_S_abs": 0.05035203331853786
  }
}