{
  "args": {
    "in_csv": ".\\out\\nist_run4_coincidences_offsetjoin.csv",
    "out_prefix": ".\\out\\entanglement_dynamic_full\\nist_run4_from_offsetjoin_seed12345",
    "dm2": 0.0025,
    "theta_deg": 45.0,
    "L_km": 295.0,
    "E_GeV": 1.0,
    "steps": 320,
    "gamma_km_inv": null,
    "use_microphysics": true,
    "n_cm3": 1e+18,
    "visibility": 0.9,
    "v_cm_s": 30000000000.0,
    "state_mode": "gap_proxy",
    "k_gap": 0.0,
    "k_jitter": 0.0,
    "gap_scale": 1.0,
    "jitter_scale": 1.0,
    "gamma_floor_mult": 0.0,
    "angle_sign": -1.0,
    "a0_deg": 0.0,
    "a1_deg": 45.0,
    "b0_deg": 22.5,
    "b1_deg": -22.5,
    "null_trials": 20000,
    "seed": 12345,
    "save_null_samples": false
  },
  "io": {
    "in_csv": "out\\nist_run4_coincidences_offsetjoin.csv"
  },
  "observed": {
    "E": {
      "00": 0.9985680190930788,
      "01": 0.9952377172791491,
      "10": 0.9893682588597843,
      "11": 0.2861635220125786
    },
    "S_signed": 2.6970104732194335,
    "S_abs": 2.6970104732194335,
    "counts": {
      "00": {
        "npp": 6216,
        "npm": 4,
        "nmp": 5,
        "nmm": 6345,
        "n": 12570
      },
      "01": {
        "npp": 6282,
        "npm": 16,
        "nmp": 14,
        "nmm": 6287,
        "n": 12599
      },
      "10": {
        "npp": 6456,
        "npm": 29,
        "nmp": 40,
        "nmm": 6455,
        "n": 12980
      },
      "11": {
        "npp": 202,
        "npm": 96,
        "nmp": 131,
        "nmm": 207,
        "n": 636
      }
    }
  },
  "model": {
    "E": {
      "00": -0.3184764411125164,
      "01": -0.3184764411125164,
      "10": -0.3184764411125164,
      "11": 0.31847644111251633
    },
    "S_signed": -1.2739057644500655,
    "S_abs": 1.2739057644500655,
    "V": {
      "00": 0.450393702317637,
      "01": 0.450393702317637,
      "10": 0.450393702317637,
      "11": 0.450393702317637
    },
    "gamma_eff_km_inv": {
      "00": 8.105607513315096e-25,
      "01": 8.105607513315096e-25,
      "10": 8.105607513315096e-25,
      "11": 8.105607513315096e-25
    }
  },
  "residuals": {
    "abs_delta_S_abs": 1.423104708769368,
    "abs_delta_S_signed": 3.970916237669499,
    "per_setting_abs_delta_E": {
      "00": 1.317044460205595,
      "01": 1.3137141583916656,
      "10": 1.3078446999723008,
      "11": 0.03231291909993772
    }
  },
  "null": {
    "n": 20000,
    "p_S_abs": 0.0,
    "p95_S_abs": 0.08407397580636096,
    "mean_S_abs": 0.03407010183066161
  }
}