target_label,target_mz,g_bin,g_center,baseline,compare,delta_p_success,ratio_mad_success
T08,816.28,0,0.003959142193665964,ModeA_points,ModeB_holdout_points,-0.125,
T08,816.28,1,0.022960414825492527,ModeA_points,ModeB_holdout_points,0.0,
T08,816.28,2,0.0694348202100101,ModeA_points,ModeB_holdout_points,0.09499999999999997,1.3244457822845503
T08,816.28,3,0.10676929269025877,ModeA_points,ModeB_holdout_points,-0.16666666666666663,1.8303803298719208
T08,816.28,4,0.12701219807483607,ModeA_points,ModeB_holdout_points,0.22619047619047616,3.035477343998383
T08,816.28,5,0.1403827790511029,ModeA_points,ModeB_holdout_points,0.4772727272727273,0.18329131204840632
T08,816.28,6,0.14886098784471125,ModeA_points,ModeB_holdout_points,0.10869565217391308,7.44500880125362
T08,816.28,7,0.5764493651695034,ModeA_points,ModeB_holdout_points,0.029761904761904767,0.851294604475334
