target_label,target_mz,g_bin,g_center,baseline,compare,delta_p_success,ratio_mad_success
T06,874.45,0,0.008790024694150482,ModeA_points,ModeB_holdout_points,0.0,
T06,874.45,1,0.05592742387033338,ModeA_points,ModeB_holdout_points,0.011363636363636354,0.812731988872408
T06,874.45,2,0.1008203447639455,ModeA_points,ModeB_holdout_points,0.2,0.7522420801421525
T06,874.45,3,0.11805730142260532,ModeA_points,ModeB_holdout_points,0.009615384615384637,2.1490261510417414
T06,874.45,4,0.13273585662577764,ModeA_points,ModeB_holdout_points,-0.1875,1.2661355826572107
T06,874.45,5,0.14328683016153976,ModeA_points,ModeB_holdout_points,-0.10606060606060608,5.011956337415661
T06,874.45,6,0.1513031117165234,ModeA_points,ModeB_holdout_points,0.10576923076923078,
T06,874.45,7,0.576970499999386,ModeA_points,ModeB_holdout_points,-0.06583576615016096,0.8110359019552241
