target_label,target_mz,g_bin,g_center,baseline,compare,delta_p_success,ratio_mad_success
T09,816.15,0,0.006688478571325331,ModeA_points,ModeB_holdout_points,0.0,
T09,816.15,1,0.035829344929452764,ModeA_points,ModeB_holdout_points,-0.04999999999999999,0.32842369568533736
T09,816.15,2,0.08148135771268017,ModeA_points,ModeB_holdout_points,-0.3846153846153846,0.8172001957264949
T09,816.15,3,0.11317008475376072,ModeA_points,ModeB_holdout_points,-0.125,2.246113188706745
T09,816.15,4,0.1284757816883324,ModeA_points,ModeB_holdout_points,-0.03289473684210531,2.3596097484357226
T09,816.15,5,0.1414209188032971,ModeA_points,ModeB_holdout_points,0.017857142857142905,0.9178487116660642
T09,816.15,6,0.15066292874713383,ModeA_points,ModeB_holdout_points,0.40909090909090906,1.1646111816872269
T09,816.15,7,0.5768920180440202,ModeA_points,ModeB_holdout_points,-0.029095437563681603,0.7853570712472747
