target_label,target_mz,g_bin,g_center,baseline,compare,delta_p_success,ratio_mad_success
T01,1359.8,0,0.027082235149997733,ModeA_points,ModeB_holdout_points,-0.1590909090909091,0.7221323544285815
T01,1359.8,1,0.08094841052660336,ModeA_points,ModeB_holdout_points,0.1607142857142857,0.8692615016978646
T01,1359.8,2,0.11317008475376072,ModeA_points,ModeB_holdout_points,0.125,0.8679447575830503
T01,1359.8,3,0.1284757816883324,ModeA_points,ModeB_holdout_points,-0.046052631578947345,0.39648497916078157
T01,1359.8,4,0.1403827790511029,ModeA_points,ModeB_holdout_points,-0.03409090909090906,1.008821747625225
T01,1359.8,5,0.14886098784471125,ModeA_points,ModeB_holdout_points,0.05978260869565216,4.974809537431612
T01,1359.8,6,0.1555160814909291,ModeA_points,ModeB_holdout_points,-0.022058823529411742,1.9011861205652407
T01,1359.8,7,0.5792964013078373,ModeA_points,ModeB_holdout_points,-0.04950675922542924,1.06502940016089
