target_label,target_mz,g_bin,g_center,baseline,compare,delta_p_success,ratio_mad_success
T12,816.35,0,0.0038210066471690667,ModeA_points,ModeB_holdout_points,0.0,
T12,816.35,1,0.03674562938047654,ModeA_points,ModeB_holdout_points,-0.0625,
T12,816.35,2,0.08399547866210674,ModeA_points,ModeB_holdout_points,-0.125,0.54714074753531
T12,816.35,3,0.11317008475376072,ModeA_points,ModeB_holdout_points,0.25,1.0124922818541129
T12,816.35,4,0.1284757816883324,ModeA_points,ModeB_holdout_points,-0.08333333333333337,0.7806992497128954
T12,816.35,5,0.1420375137222501,ModeA_points,ModeB_holdout_points,0.19256756756756754,15.174967853743125
T12,816.35,6,0.1513031117165234,ModeA_points,ModeB_holdout_points,-0.05769230769230771,0.29563091710295863
T12,816.35,7,0.576970499999386,ModeA_points,ModeB_holdout_points,-0.021324398896334196,0.958909354100089
