target_label,target_mz,g_bin,g_center,baseline,compare,delta_p_success,ratio_mad_success
T03,1359.59,0,0.022986548068242692,ModeA_points,ModeB_holdout_points,0.175,
T03,1359.59,1,0.0783256882213965,ModeA_points,ModeB_holdout_points,0.5714285714285714,1.3883361936440788
T03,1359.59,2,0.11157158188964059,ModeA_points,ModeB_holdout_points,0.375,
T03,1359.59,3,0.12802480428482033,ModeA_points,ModeB_holdout_points,-0.075,
T03,1359.59,4,0.1403827790511029,ModeA_points,ModeB_holdout_points,0.10227272727272727,
T03,1359.59,5,0.14886098784471125,ModeA_points,ModeB_holdout_points,-0.20108695652173914,1.0735268663455713
T03,1359.59,6,0.1555160814909291,ModeA_points,ModeB_holdout_points,0.05147058823529413,
T03,1359.59,7,0.5792964013078373,ModeA_points,ModeB_holdout_points,0.049324077457069765,1.058978842057535
