target_label,target_mz,g_bin,g_center,baseline,compare,delta_p_success,ratio_mad_success
T10,1359.91,0,0.008790024694150482,ModeA_points,ModeB_holdout_points,-0.125,
T10,1359.91,1,0.057347774775491814,ModeA_points,ModeB_holdout_points,0.10714285714285715,2.5039890111690633
T10,1359.91,2,0.10117640441742927,ModeA_points,ModeB_holdout_points,0.175,2.306519065465084
T10,1359.91,3,0.11846445071623277,ModeA_points,ModeB_holdout_points,-0.25,0.30840134325862933
T10,1359.91,4,0.13273585662577764,ModeA_points,ModeB_holdout_points,-0.0625,0.6851032560063773
T10,1359.91,5,0.14328683016153976,ModeA_points,ModeB_holdout_points,0.10984848484848486,3.605995829747969
T10,1359.91,6,0.1513031117165234,ModeA_points,ModeB_holdout_points,0.34615384615384615,1.0361979891278292
T10,1359.91,7,0.576970499999386,ModeA_points,ModeB_holdout_points,0.05651620630286697,0.9409868851615358
