target_label,target_mz,g_bin,g_center,baseline,compare,delta_p_success,ratio_mad_success
T02,1359.47,0,0.007421475781102667,ModeA_points,ModeB_holdout_points,0.13333333333333333,
T02,1359.47,1,0.03734487519738447,ModeA_points,ModeB_holdout_points,0.05681818181818182,
T02,1359.47,2,0.08379465230809666,ModeA_points,ModeB_holdout_points,0.1923076923076923,0.5644989844200965
T02,1359.47,3,0.11317008475376072,ModeA_points,ModeB_holdout_points,-0.5,1.1456412342040532
T02,1359.47,4,0.1284757816883324,ModeA_points,ModeB_holdout_points,-0.16447368421052633,1.725414025667584
T02,1359.47,5,0.1403827790511029,ModeA_points,ModeB_holdout_points,-0.07954545454545459,0.5309543835947639
T02,1359.47,6,0.14886098784471125,ModeA_points,ModeB_holdout_points,-0.483695652173913,1.6673056334060512
T02,1359.47,7,0.5764493651695034,ModeA_points,ModeB_holdout_points,-0.06264518002322883,0.8378432518209056
