target_label,target_mz,g_bin,g_center,baseline,compare,delta_p_success,ratio_mad_success
T06,874.45,0,0.0082424044675146,ModeA_points,ModeB_holdout_points,-0.2272727272727273,0.677075178472179
T06,874.45,1,0.028433427589498364,ModeA_points,ModeB_holdout_points,-0.25,0.0
T06,874.45,2,0.08120003595864428,ModeA_points,ModeB_holdout_points,0.0892857142857143,0.4592044413726206
T06,874.45,3,0.1345425418262956,ModeA_points,ModeB_holdout_points,0.20833333333333331,3.4844737971507374
T06,874.45,4,0.1521911981505308,ModeA_points,ModeB_holdout_points,-0.16346153846153844,0.561602793031777
T06,874.45,5,0.16262074072392968,ModeA_points,ModeB_holdout_points,0.275,0.7292924950044798
T06,874.45,6,0.169817032740045,ModeA_points,ModeB_holdout_points,0.3,0.25234063361380943
T06,874.45,7,0.5862305215505816,ModeA_points,ModeB_holdout_points,0.018774814743373336,1.0376809846747301
