z,beta_obs_deg,sigma_deg,I_z,beta_bridge_deg,V_model,beta_model_deg,residual_deg
2.8,-0.8,2.2,0.791672820132652,0.28471650837100987,0.4466794736729331,0.12717702010515794,-0.927177020105158
1100.0,0.215,0.074,0.9509533045149386,0.342,0.527582240491987,0.18043312624825955,0.034566873751740446
