target_label,target_mz,g_bin,g_center,baseline,compare,delta_p_success,ratio_mad_success
T02,1359.47,0,0.007421475781102667,ModeA_points,ModeB_holdout_points,0.2,
T02,1359.47,1,0.03734487519738447,ModeA_points,ModeB_holdout_points,0.05681818181818182,
T02,1359.47,2,0.08379465230809666,ModeA_points,ModeB_holdout_points,0.1923076923076923,0.5178456788705492
T02,1359.47,3,0.11317008475376072,ModeA_points,ModeB_holdout_points,-0.375,1.8243594314367897
T02,1359.47,4,0.1284757816883324,ModeA_points,ModeB_holdout_points,-0.006578947368421073,1.9596875493442876
T02,1359.47,5,0.1403827790511029,ModeA_points,ModeB_holdout_points,-0.03409090909090906,0.7122333795962992
T02,1359.47,6,0.14886098784471125,ModeA_points,ModeB_holdout_points,-0.3532608695652174,2.106553106194753
T02,1359.47,7,0.5764493651695034,ModeA_points,ModeB_holdout_points,0.044497677119628265,0.889979710368357
