target_label,target_mz,g_bin,g_center,baseline,compare,delta_p_success,ratio_mad_success
T06,874.45,0,0.008790024694150482,ModeA_points,ModeB_holdout_points,0.125,
T06,874.45,1,0.05592742387033338,ModeA_points,ModeB_holdout_points,0.11363636363636365,4.011659847892968
T06,874.45,2,0.1008203447639455,ModeA_points,ModeB_holdout_points,0.22499999999999998,0.9109709510316256
T06,874.45,3,0.11805730142260532,ModeA_points,ModeB_holdout_points,-0.038461538461538436,1.019675211928662
T06,874.45,4,0.13273585662577764,ModeA_points,ModeB_holdout_points,0.125,0.39970321467999465
T06,874.45,5,0.14328683016153976,ModeA_points,ModeB_holdout_points,0.07954545454545453,4.19118791507999
T06,874.45,6,0.1513031117165234,ModeA_points,ModeB_holdout_points,-0.24038461538461536,0.9606440674622496
T06,874.45,7,0.576970499999386,ModeA_points,ModeB_holdout_points,0.04023504753349799,0.9926460298320285
