target_label,target_mz,g_bin,g_center,baseline,compare,delta_p_success,ratio_mad_success
T03,1359.59,0,0.024270520016971782,ModeA_points,ModeB_points,0.45454545454545453,
T03,1359.59,1,0.07286155329274938,ModeA_points,ModeB_points,0.40131578947368424,0.3045605166912103
T03,1359.59,2,0.10449188354485281,ModeA_points,ModeB_points,-0.26136363636363635,0.6293647982759975
T03,1359.59,3,0.12428785300457175,ModeA_points,ModeB_points,-0.27884615384615385,1.007521178391997
T03,1359.59,4,0.13916901305263268,ModeA_points,ModeB_points,0.0,1.2679334464606105
T03,1359.59,5,0.15052366605188,ModeA_points,ModeB_points,0.03125,0.42088635152158105
T03,1359.59,6,0.15903123329390342,ModeA_points,ModeB_points,-0.25,0.626970640670148
T03,1359.59,7,0.5808853194327793,ModeA_points,ModeB_points,-0.19125683060109294,1.3357185674947605
