target_label,target_mz,g_bin,g_center,baseline,compare,delta_p_success,ratio_mad_success
T08,816.28,0,0.003959142193665964,ModeA_points,ModeB_holdout_points,-0.125,
T08,816.28,1,0.022960414825492527,ModeA_points,ModeB_holdout_points,0.0,
T08,816.28,2,0.0694348202100101,ModeA_points,ModeB_holdout_points,-0.195,0.0
T08,816.28,3,0.10676929269025877,ModeA_points,ModeB_holdout_points,-0.5416666666666666,0.0
T08,816.28,4,0.12701219807483607,ModeA_points,ModeB_holdout_points,0.17857142857142855,0.3612185905954421
T08,816.28,5,0.1403827790511029,ModeA_points,ModeB_holdout_points,0.25,0.5689793948796921
T08,816.28,6,0.14886098784471125,ModeA_points,ModeB_holdout_points,-0.05978260869565222,1.8314809106662415
T08,816.28,7,0.5764493651695034,ModeA_points,ModeB_holdout_points,-0.07291666666666669,0.8665835185182198
