target_label,target_mz,g_bin,g_center,baseline,compare,delta_p_success,ratio_mad_success
T10,1359.91,0,0.008790024694150482,ModeA_points,ModeB_holdout_points,-0.125,
T10,1359.91,1,0.057347774775491814,ModeA_points,ModeB_holdout_points,-0.06547619047619047,0.0
T10,1359.91,2,0.10117640441742927,ModeA_points,ModeB_holdout_points,0.15,
T10,1359.91,3,0.11846445071623277,ModeA_points,ModeB_holdout_points,-0.25,0.6937717215568198
T10,1359.91,4,0.13273585662577764,ModeA_points,ModeB_holdout_points,-0.4375,8.13241842359058
T10,1359.91,5,0.14328683016153976,ModeA_points,ModeB_holdout_points,-0.10606060606060608,0.9907356314872507
T10,1359.91,6,0.1513031117165234,ModeA_points,ModeB_holdout_points,0.038461538461538436,1.1249844651134102
T10,1359.91,7,0.576970499999386,ModeA_points,ModeB_holdout_points,0.10803578112134138,1.224004811423498
