target_label,target_mz,g_bin,g_center,baseline,compare,delta_p_success,ratio_mad_success
T01,1359.8,0,0.027082235149997733,ModeA_points,ModeB_holdout_points,-0.23863636363636365,0.12993512240607727
T01,1359.8,1,0.08094841052660336,ModeA_points,ModeB_holdout_points,-0.01785714285714285,0.17369146136221753
T01,1359.8,2,0.11317008475376072,ModeA_points,ModeB_holdout_points,0.125,0.6680373348789563
T01,1359.8,3,0.1284757816883324,ModeA_points,ModeB_holdout_points,-0.09868421052631582,0.3208596617588291
T01,1359.8,4,0.1403827790511029,ModeA_points,ModeB_holdout_points,-0.07954545454545459,0.44033419428173526
T01,1359.8,5,0.14886098784471125,ModeA_points,ModeB_holdout_points,0.27717391304347827,2.7900237637247733
T01,1359.8,6,0.1555160814909291,ModeA_points,ModeB_holdout_points,0.09558823529411764,1.718539952801912
T01,1359.8,7,0.5792964013078373,ModeA_points,ModeB_holdout_points,-0.023038200787561358,0.989493574098639
