target_label,target_mz,g_bin,g_center,baseline,compare,delta_p_success,ratio_mad_success
T09,816.15,0,0.006688478571325331,ModeA_points,ModeB_holdout_points,0.3333333333333333,
T09,816.15,1,0.035829344929452764,ModeA_points,ModeB_holdout_points,0.025000000000000022,1.8584871770728881
T09,816.15,2,0.08148135771268017,ModeA_points,ModeB_holdout_points,-0.3846153846153846,0.7541978484243776
T09,816.15,3,0.11317008475376072,ModeA_points,ModeB_holdout_points,0.0,0.8967253387624389
T09,816.15,4,0.1284757816883324,ModeA_points,ModeB_holdout_points,-0.03289473684210531,3.0319861601304097
T09,816.15,5,0.1414209188032971,ModeA_points,ModeB_holdout_points,0.1428571428571429,0.9485875579167792
T09,816.15,6,0.15066292874713383,ModeA_points,ModeB_holdout_points,0.40909090909090906,1.2494198617942573
T09,816.15,7,0.5768920180440202,ModeA_points,ModeB_holdout_points,-0.0419261104192612,0.6055316596358953
