target_label,target_mz,g_bin,g_center,baseline,compare,delta_p_success,ratio_mad_success
T06,874.45,0,0.008790024694150482,ModeA_points,ModeB_holdout_points,0.4375,
T06,874.45,1,0.05592742387033338,ModeA_points,ModeB_holdout_points,0.13636363636363635,0.47977590091732547
T06,874.45,2,0.1008203447639455,ModeA_points,ModeB_holdout_points,0.07500000000000001,0.4827398337184876
T06,874.45,3,0.11805730142260532,ModeA_points,ModeB_holdout_points,0.13461538461538464,0.58314376923193
T06,874.45,4,0.13273585662577764,ModeA_points,ModeB_holdout_points,-0.125,1.0103659670148872
T06,874.45,5,0.14328683016153976,ModeA_points,ModeB_holdout_points,-0.13636363636363635,0.6255667576686655
T06,874.45,6,0.1513031117165234,ModeA_points,ModeB_holdout_points,0.05769230769230771,0.30955138894486595
T06,874.45,7,0.576970499999386,ModeA_points,ModeB_holdout_points,-0.0406654689722285,0.8464843146977643
