target_label,target_mz,g_bin,g_center,baseline,compare,delta_p_success,ratio_mad_success
T11,1529.53,0,0.0009673912225104761,ModeA_points,ModeB_holdout_points,-0.01470588235294118,0.6512409430055836
T11,1529.53,1,0.004697747260407773,ModeA_points,ModeB_holdout_points,0.025000000000000022,1.4214088279097534
T11,1529.53,2,0.012860984789290016,ModeA_points,ModeB_holdout_points,0.04166666666666663,2.3968630550442422
T11,1529.53,3,0.03881182590608173,ModeA_points,ModeB_holdout_points,-0.3173076923076923,0.4102414681536065
T11,1529.53,4,0.08379465230809666,ModeA_points,ModeB_holdout_points,-0.5961538461538461,0.39923781655614343
T11,1529.53,5,0.11317008475376072,ModeA_points,ModeB_holdout_points,0.3194444444444444,2.1785642224879056
T11,1529.53,6,0.1284757816883324,ModeA_points,ModeB_holdout_points,0.36184210526315785,0.9794771277919863
T11,1529.53,7,0.5676463891132375,ModeA_points,ModeB_holdout_points,0.02053122960356424,1.0575354558259054
