target_label,target_mz,g_bin,g_center,baseline,compare,delta_p_success,ratio_mad_success
T02,1359.47,0,0.007421475781102667,ModeA_points,ModeB_holdout_points,0.14166666666666666,
T02,1359.47,1,0.03734487519738447,ModeA_points,ModeB_holdout_points,0.05681818181818182,
T02,1359.47,2,0.08379465230809666,ModeA_points,ModeB_holdout_points,0.15384615384615385,0.7795824145143923
T02,1359.47,3,0.11317008475376072,ModeA_points,ModeB_holdout_points,-0.125,0.3807687820074237
T02,1359.47,4,0.1284757816883324,ModeA_points,ModeB_holdout_points,-0.11184210526315791,1.4220492445557062
T02,1359.47,5,0.1403827790511029,ModeA_points,ModeB_holdout_points,-0.03409090909090906,0.5617089492385334
T02,1359.47,6,0.14886098784471125,ModeA_points,ModeB_holdout_points,-0.31521739130434784,2.75072178158378
T02,1359.47,7,0.5764493651695034,ModeA_points,ModeB_holdout_points,0.04696573751451805,0.9455950436085269
