target_label,target_mz,g_bin,g_center,baseline,compare,delta_p_success,ratio_mad_success
T12,816.35,0,0.0038210066471690667,ModeA_points,ModeB_holdout_points,0.0,
T12,816.35,1,0.03674562938047654,ModeA_points,ModeB_holdout_points,0.125,
T12,816.35,2,0.08399547866210674,ModeA_points,ModeB_holdout_points,-0.08333333333333337,1.0792661232127565
T12,816.35,3,0.11317008475376072,ModeA_points,ModeB_holdout_points,0.5,2.203130171109144
T12,816.35,4,0.1284757816883324,ModeA_points,ModeB_holdout_points,-0.01388888888888884,0.7064534924835514
T12,816.35,5,0.1420375137222501,ModeA_points,ModeB_holdout_points,0.2466216216216216,30.326056341730396
T12,816.35,6,0.1513031117165234,ModeA_points,ModeB_holdout_points,0.019230769230769273,0.8059599407744193
T12,816.35,7,0.576970499999386,ModeA_points,ModeB_holdout_points,0.027769018525817923,0.9287555996019392
