target_label,target_mz,g_bin,g_center,baseline,compare,delta_p_success,ratio_mad_success
T05,816.22,0,0.0,ModeA_points,ModeB_holdout_points,0.02777777777777779,0.8000735377856177
T05,816.22,1,0.0,ModeA_points,ModeB_holdout_points,0.0,0.5988646560444723
T05,816.22,2,0.0,ModeA_points,ModeB_holdout_points,-0.10344827586206895,1.8100990844627605
T05,816.22,3,0.0002889637153671565,ModeA_points,ModeB_holdout_points,-0.125,0.392987063401908
T05,816.22,4,0.0011396558677782517,ModeA_points,ModeB_holdout_points,-0.375,0.5472385584817219
T05,816.22,5,0.0019901173542104175,ModeA_points,ModeB_holdout_points,0.15909090909090906,1.481064406840001
T05,816.22,6,0.0028689910279301517,ModeA_points,ModeB_holdout_points,-0.11111111111111116,0.6074845368799786
T05,816.22,7,0.5017361816499687,ModeA_points,ModeB_holdout_points,0.0035225191475191653,0.9827851028388197
