sqrts_GeV,t,F_re,F_im,sigma_tot_pred_mb,chiI_min,chiI_max,S_abs_max,rho_data,rho_resid,rho_unc,rho_pull,rho_pred_sm,rho_pred_geo
541.0,12.586838557692962,3.5405760774032653,74.66435365758683,74.66435365758683,0.000166641781243,2.788756290574117,0.9998333721027272,0.135,0.0875801014277782,0.015,5.838673428518548,0.0474198985722218,0.04706509527541
1800.0,14.991083887768513,3.9325166468522297,87.17839908573185,87.17839908573185,0.0004330425459507,3.109768253434681,0.9995670512034396,0.14,0.0948911578086566,0.069,1.3752341711399514,0.0451088421913433,0.045570611752561
13000.0,18.945409272887343,4.55482350380619,108.68620105108374,108.68620105108374,0.0015457769132073,3.637136548814265,0.9984554171845764,0.09,0.0480919798488,0.01,4.809197984880001,0.0419080201511999,0.0416168898349267
13000.0,18.945409272887343,4.55482350380619,108.68620105108374,108.68620105108374,0.0015457769132073,3.637136548814265,0.9984554171845764,0.098,0.0560919798488,0.011,5.099270895345456,0.0419080201511999,0.0416168898349267
