target_label,target_mz,g_bin,g_center,baseline,compare,delta_p_success,ratio_mad_success
T06,874.45,0,0.009376599136565869,ModeA_points,ModeB_points,0.05681818181818182,
T06,874.45,1,0.04550370612696021,ModeA_points,ModeB_points,-0.25,0.24500023773369498
T06,874.45,2,0.08390678701438341,ModeA_points,ModeB_points,0.16071428571428573,2.1051883779713294
T06,874.45,3,0.10501403164293269,ModeA_points,ModeB_points,-0.04999999999999999,1.4355841182222546
T06,874.45,4,0.12428785300457175,ModeA_points,ModeB_points,0.04807692307692307,2.1079373616380828
T06,874.45,5,0.13916901305263268,ModeA_points,ModeB_points,-0.3,1.9416516194018858
T06,874.45,6,0.15052366605188,ModeA_points,ModeB_points,-0.1875,3.4457598277035424
T06,874.45,7,0.5782071625459475,ModeA_points,ModeB_points,0.06135531135531136,1.012802793044112
