target_label,target_mz,g_bin,g_center,baseline,compare,delta_p_success,ratio_mad_success
T09,816.15,0,0.007171815552931395,ModeA_points,ModeB_points,0.0,
T09,816.15,1,0.038181500435962745,ModeA_points,ModeB_points,-0.06818181818181818,1.3903142298343933
T09,816.15,2,0.07899819337937795,ModeA_points,ModeB_points,-0.13888888888888884,0.5302096589485724
T09,816.15,3,0.10516345273237146,ModeA_points,ModeB_points,-0.275,0.4645923443745642
T09,816.15,4,0.12459349817271292,ModeA_points,ModeB_points,-0.16666666666666663,1.1222927390623914
T09,816.15,5,0.13916901305263268,ModeA_points,ModeB_points,-0.14166666666666672,2.063028294333514
T09,816.15,6,0.15125596273601696,ModeA_points,ModeB_points,-0.040322580645161255,0.9537570872852346
T09,816.15,7,0.5789640015366174,ModeA_points,ModeB_points,-0.05896385745651067,0.765531580406657
