target_label,target_mz,g_bin,g_center,baseline,compare,delta_p_success,ratio_mad_success
T08,816.28,0,0.0041634804246909116,ModeA_points,ModeB_points,-0.125,
T08,816.28,1,0.023546851096294428,ModeA_points,ModeB_points,0.0,
T08,816.28,2,0.06690455826635652,ModeA_points,ModeB_points,0.2894736842105263,1.6662336615219666
T08,816.28,3,0.10333802166746439,ModeA_points,ModeB_points,-0.045454545454545414,0.7986511977605145
T08,816.28,4,0.1224173824031822,ModeA_points,ModeB_points,-0.27717391304347827,3.0898305774424557
T08,816.28,5,0.137604230234845,ModeA_points,ModeB_points,0.21153846153846156,2.678840033873055
T08,816.28,6,0.148977892139117,ModeA_points,ModeB_points,0.2466216216216216,0.34731113006930125
T08,816.28,7,0.5776966929879644,ModeA_points,ModeB_points,-0.10228323640025483,0.8419675152824704
