target_label,target_mz,g_bin,g_center,baseline,compare,delta_p_success,ratio_mad_success
T01,1359.8,0,0.02856740579239219,ModeA_points,ModeB_points,-0.25,
T01,1359.8,1,0.07843906541447432,ModeA_points,ModeB_points,0.32499999999999996,1.1454738535911082
T01,1359.8,2,0.10515980938415374,ModeA_points,ModeB_points,0.325,1.152909288836385
T01,1359.8,3,0.12429149635278947,ModeA_points,ModeB_points,-0.09999999999999998,1.3054341483329568
T01,1359.8,4,0.13916901305263268,ModeA_points,ModeB_points,-0.35833333333333334,3.867524908143207
T01,1359.8,5,0.15052366605188,ModeA_points,ModeB_points,0.0625,5.86638850418276
T01,1359.8,6,0.15903123329390342,ModeA_points,ModeB_points,-0.01785714285714285,6.940280477167726
T01,1359.8,7,0.5808853194327793,ModeA_points,ModeB_points,-0.14480874316939896,1.117454947115931
