target_label,target_mz,g_bin,g_center,baseline,compare,delta_p_success,ratio_mad_success
T10,1359.91,0,0.009376599136565869,ModeA_points,ModeB_points,-0.125,
T10,1359.91,1,0.05585570189367714,ModeA_points,ModeB_points,-0.05147058823529413,0.0
T10,1359.91,2,0.09690081413502159,ModeA_points,ModeB_points,0.375,
T10,1359.91,3,0.10968952997710396,ModeA_points,ModeB_points,-0.25,0.0
T10,1359.91,4,0.12680570327052806,ModeA_points,ModeB_points,-0.1774193548387097,2.5109735557984565
T10,1359.91,5,0.14137517392189133,ModeA_points,ModeB_points,0.05357142857142855,0.9837853164595584
T10,1359.91,6,0.1522774138390901,ModeA_points,ModeB_points,0.1077586206896552,1.3875638599859104
T10,1359.91,7,0.5794386163851575,ModeA_points,ModeB_points,0.09896373056994817,0.9507578924849424
