target_label,target_mz,g_bin,g_center,baseline,compare,delta_p_success,ratio_mad_success
T02,1359.47,0,0.007940820904474377,ModeA_points,ModeB_points,0.25,
T02,1359.47,1,0.03970340007685269,ModeA_points,ModeB_points,0.3194444444444444,
T02,1359.47,2,0.08142512747931963,ModeA_points,ModeB_points,0.09722222222222221,0.388367292998037
T02,1359.47,3,0.10515980938415374,ModeA_points,ModeB_points,0.22499999999999998,2.0398024019033
T02,1359.47,4,0.12429149635278947,ModeA_points,ModeB_points,-0.51,2.4590660793357935
T02,1359.47,5,0.13916901305263268,ModeA_points,ModeB_points,-0.09999999999999998,1.8972177200172236
T02,1359.47,6,0.15052366605188,ModeA_points,ModeB_points,-0.125,3.3643648406658047
T02,1359.47,7,0.5782071625459475,ModeA_points,ModeB_points,-0.08390022675736963,0.9904634199570806
