target_label,target_mz,g_bin,g_center,baseline,compare,delta_p_success,ratio_mad_success
T11,1529.53,0,0.0021408086099869088,ModeA_points,ModeB_points,-0.09722222222222221,0.0
T11,1529.53,1,0.006415836645672554,ModeA_points,ModeB_points,-0.375,
T11,1529.53,2,0.019774010349121622,ModeA_points,ModeB_points,-0.4285714285714286,0.0
T11,1529.53,3,0.06155860160992231,ModeA_points,ModeB_points,-0.2142857142857143,0.7062728747665918
T11,1529.53,4,0.09674844004369368,ModeA_points,ModeB_points,-0.375,0.49678588392944867
T11,1529.53,5,0.1089644432712655,ModeA_points,ModeB_points,0.125,0.9553519314663904
T11,1529.53,6,0.12578465465362998,ModeA_points,ModeB_points,0.0,1.1733779531044888
T11,1529.53,7,0.5675387117490844,ModeA_points,ModeB_points,-0.17973121833002859,0.9786731957812347
