target_label,target_mz,window_ppm,setting,g_bin,g_lo,g_hi,g_center,n_total,n_good,p_success,median_success_ppm,mad_success_ppm,frac_tail3
T02,1359.47,30.0,ModeA_points,0,0.0,0.015881641808948754,0.007940820904474377,8,0,0.0,,,0.0
T02,1359.47,30.0,ModeB_points,0,0.0,0.015881641808948754,0.007940820904474377,8,2,0.25,-1.6681987011982584,0.11618828354197985,0.0
T02,1359.47,30.0,ModeA_points,1,0.017210057616487234,0.062196742537218144,0.03970340007685269,8,1,0.125,0.6021492843472938,0.0,0.0
T02,1359.47,30.0,ModeB_points,1,0.017210057616487234,0.062196742537218144,0.03970340007685269,9,4,0.4444444444444444,1.1415746617833316,0.434189485612507,0.0
T02,1359.47,30.0,ModeA_points,2,0.0670506107371015,0.09579964422153776,0.08142512747931963,18,5,0.2777777777777778,-0.1429654260526676,1.1790010820139476,0.0
T02,1359.47,30.0,ModeB_points,2,0.0670506107371015,0.09579964422153776,0.08142512747931963,8,3,0.375,-1.3137112677442995,0.4578854586635135,0.0
T02,1359.47,30.0,ModeA_points,3,0.09595598973828504,0.11436362903002245,0.10515980938415374,10,4,0.4,-1.3810707472387453,0.45906617011245987,0.0
T02,1359.47,30.0,ModeB_points,3,0.09595598973828504,0.11436362903002245,0.10515980938415374,8,5,0.625,-0.37966130733823755,0.9364042764279445,0.0
T02,1359.47,30.0,ModeA_points,4,0.1143709157264579,0.13421207697912105,0.12429149635278947,8,6,0.75,-1.6250782356269182,0.5893466037723409,0.0
T02,1359.47,30.0,ModeB_points,4,0.1143709157264579,0.13421207697912105,0.12429149635278947,25,6,0.24,-0.6453589297519112,1.4492422423083158,0.0
T02,1359.47,30.0,ModeA_points,5,0.13424649944152856,0.14409152666373679,0.13916901305263268,8,4,0.5,-0.4325721163109386,0.7076588257129769,0.0
T02,1359.47,30.0,ModeB_points,5,0.13424649944152856,0.14409152666373679,0.13916901305263268,30,12,0.4,-0.6081035880703243,1.3425828638692399,0.0
T02,1359.47,30.0,ModeA_points,6,0.14464668789571283,0.15640064420804714,0.15052366605188,8,4,0.5,-2.1719248342843174,0.39353522161804133,0.0
T02,1359.47,30.0,ModeB_points,6,0.14464668789571283,0.15640064420804714,0.15052366605188,32,12,0.375,-1.2303003772005678,1.3239960631753638,0.0
T02,1359.47,30.0,ModeA_points,7,0.1564143250918949,1.0,0.5782071625459475,252,151,0.5992063492063492,-1.0765107582322533,1.2735312831001293,0.0
T02,1359.47,30.0,ModeB_points,7,0.1564143250918949,1.0,0.5782071625459475,196,101,0.5153061224489796,-1.0531995673642076,1.2613861500816832,0.0
