target_label,target_mz,g_bin,g_center,baseline,compare,delta_p_success,ratio_mad_success
T02,1359.47,0,0.007421475781102667,ModeA_points,ModeB_holdout_points,0.07500000000000001,
T02,1359.47,1,0.03734487519738447,ModeA_points,ModeB_holdout_points,0.1477272727272727,
T02,1359.47,2,0.08379465230809666,ModeA_points,ModeB_holdout_points,0.15384615384615385,0.8089031227942413
T02,1359.47,3,0.11317008475376072,ModeA_points,ModeB_holdout_points,-0.25,0.20409157629396046
T02,1359.47,4,0.1284757816883324,ModeA_points,ModeB_holdout_points,-0.26973684210526316,0.9316439178750976
T02,1359.47,5,0.1403827790511029,ModeA_points,ModeB_holdout_points,-0.03409090909090906,0.6977935291770982
T02,1359.47,6,0.14886098784471125,ModeA_points,ModeB_holdout_points,-0.31521739130434784,3.2912146268630056
T02,1359.47,7,0.5764493651695034,ModeA_points,ModeB_holdout_points,-0.04678426248548195,0.8181647245607648
