target_label,target_mz,g_bin,g_center,baseline,compare,delta_p_success,ratio_mad_success
T01,1359.8,0,0.027082235149997733,ModeA_points,ModeB_holdout_points,-0.28409090909090906,2.084958517154929
T01,1359.8,1,0.08094841052660336,ModeA_points,ModeB_holdout_points,0.23214285714285715,0.8128444170404856
T01,1359.8,2,0.11317008475376072,ModeA_points,ModeB_holdout_points,0.125,0.6284295754164984
T01,1359.8,3,0.1284757816883324,ModeA_points,ModeB_holdout_points,-0.046052631578947345,0.5160646738711963
T01,1359.8,4,0.1403827790511029,ModeA_points,ModeB_holdout_points,-0.07954545454545459,0.6758222681767734
T01,1359.8,5,0.14886098784471125,ModeA_points,ModeB_holdout_points,0.1032608695652174,1.9397594968797787
T01,1359.8,6,0.1555160814909291,ModeA_points,ModeB_holdout_points,-0.022058823529411742,1.4517926770487302
T01,1359.8,7,0.5792964013078373,ModeA_points,ModeB_holdout_points,0.0011163885844193144,1.2899436229958567
