target_label,target_mz,g_bin,g_center,baseline,compare,delta_p_success,ratio_mad_success
T06,874.45,0,0.008790024694150482,ModeA_points,ModeB_holdout_points,0.25,
T06,874.45,1,0.05592742387033338,ModeA_points,ModeB_holdout_points,0.13636363636363635,1.2530699603437416
T06,874.45,2,0.1008203447639455,ModeA_points,ModeB_holdout_points,0.2,1.6877092340014828
T06,874.45,3,0.11805730142260532,ModeA_points,ModeB_holdout_points,0.13461538461538464,0.8215560636282018
T06,874.45,4,0.13273585662577764,ModeA_points,ModeB_holdout_points,-0.1875,0.4811635004329322
T06,874.45,5,0.14328683016153976,ModeA_points,ModeB_holdout_points,-0.13636363636363635,1.3332043027214155
T06,874.45,6,0.1513031117165234,ModeA_points,ModeB_holdout_points,0.05769230769230771,0.30133376488177566
T06,874.45,7,0.576970499999386,ModeA_points,ModeB_holdout_points,-0.0817613593831874,0.7745393977421862
