target_label,target_mz,g_bin,g_center,baseline,compare,delta_p_success,ratio_mad_success
T08,816.28,0,0.003959142193665964,ModeA_points,ModeB_holdout_points,-0.125,
T08,816.28,1,0.022960414825492527,ModeA_points,ModeB_holdout_points,0.0,
T08,816.28,2,0.0694348202100101,ModeA_points,ModeB_holdout_points,0.18,1.0181382781668282
T08,816.28,3,0.10676929269025877,ModeA_points,ModeB_holdout_points,-0.29166666666666663,1.755726585487791
T08,816.28,4,0.12701219807483607,ModeA_points,ModeB_holdout_points,0.27380952380952384,1.0186210528279962
T08,816.28,5,0.1403827790511029,ModeA_points,ModeB_holdout_points,0.43181818181818177,0.35584781392241616
T08,816.28,6,0.14886098784471125,ModeA_points,ModeB_holdout_points,0.07065217391304346,3.4974543233684097
T08,816.28,7,0.5764493651695034,ModeA_points,ModeB_holdout_points,0.007440476190476164,0.888150782807491
