target_label,target_mz,g_bin,g_center,baseline,compare,delta_p_success,ratio_mad_success
T11,1529.53,0,0.0009673912225104761,ModeA_points,ModeB_holdout_points,0.04411764705882354,0.46616235605157996
T11,1529.53,1,0.004697747260407773,ModeA_points,ModeB_holdout_points,-0.275,0.0
T11,1529.53,2,0.012860984789290016,ModeA_points,ModeB_holdout_points,-0.2916666666666667,0.6304269202117634
T11,1529.53,3,0.03881182590608173,ModeA_points,ModeB_holdout_points,-0.3173076923076923,2.138820447183702
T11,1529.53,4,0.08379465230809666,ModeA_points,ModeB_holdout_points,-0.47115384615384615,0.8464364660449167
T11,1529.53,5,0.11317008475376072,ModeA_points,ModeB_holdout_points,0.06944444444444442,0.181528765365022
T11,1529.53,6,0.1284757816883324,ModeA_points,ModeB_holdout_points,0.3092105263157895,0.8811755308931031
T11,1529.53,7,0.5676463891132375,ModeA_points,ModeB_holdout_points,-0.03151338006186333,1.044760248822028
