target_label,target_mz,g_bin,g_center,baseline,compare,delta_p_success,ratio_mad_success
T09,816.15,0,0.006688478571325331,ModeA_points,ModeB_holdout_points,0.0,
T09,816.15,1,0.035829344929452764,ModeA_points,ModeB_holdout_points,-0.175,1.8281959056568533
T09,816.15,2,0.08148135771268017,ModeA_points,ModeB_holdout_points,-0.3846153846153846,0.8366465275622135
T09,816.15,3,0.11317008475376072,ModeA_points,ModeB_holdout_points,0.0,0.9938600182012077
T09,816.15,4,0.1284757816883324,ModeA_points,ModeB_holdout_points,-0.03289473684210531,2.7345862430138537
T09,816.15,5,0.1414209188032971,ModeA_points,ModeB_holdout_points,0.1428571428571429,0.7500613033589536
T09,816.15,6,0.15066292874713383,ModeA_points,ModeB_holdout_points,0.36363636363636365,1.1515601051390458
T09,816.15,7,0.5768920180440202,ModeA_points,ModeB_holdout_points,-0.032793690327937,0.6263901747878794
