target_label,target_mz,g_bin,g_center,baseline,compare,delta_p_success,ratio_mad_success
T12,816.35,0,0.0038210066471690667,ModeA_points,ModeB_holdout_points,-0.125,
T12,816.35,1,0.03674562938047654,ModeA_points,ModeB_holdout_points,0.0625,
T12,816.35,2,0.08399547866210674,ModeA_points,ModeB_holdout_points,-0.08333333333333337,0.9569457946782935
T12,816.35,3,0.11317008475376072,ModeA_points,ModeB_holdout_points,0.5,2.395267084738058
T12,816.35,4,0.1284757816883324,ModeA_points,ModeB_holdout_points,-0.01388888888888884,0.5993498211796726
T12,816.35,5,0.1420375137222501,ModeA_points,ModeB_holdout_points,0.19256756756756754,22.707425624300903
T12,816.35,6,0.1513031117165234,ModeA_points,ModeB_holdout_points,-0.13461538461538458,0.8498467272471193
T12,816.35,7,0.576970499999386,ModeA_points,ModeB_holdout_points,0.01846669294442249,1.0081358738605364
