target_label,target_mz,g_bin,g_center,baseline,compare,delta_p_success,ratio_mad_success
T10,1359.91,0,0.008790024694150482,ModeA_points,ModeB_holdout_points,-0.125,
T10,1359.91,1,0.057347774775491814,ModeA_points,ModeB_holdout_points,-0.06547619047619047,0.0
T10,1359.91,2,0.10117640441742927,ModeA_points,ModeB_holdout_points,0.15,
T10,1359.91,3,0.11846445071623277,ModeA_points,ModeB_holdout_points,-0.16666666666666669,1.9448380065101205
T10,1359.91,4,0.13273585662577764,ModeA_points,ModeB_holdout_points,-0.3125,20.813714342669883
T10,1359.91,5,0.14328683016153976,ModeA_points,ModeB_holdout_points,0.015151515151515138,1.1888527405120548
T10,1359.91,6,0.1513031117165234,ModeA_points,ModeB_holdout_points,0.34615384615384615,1.0725136857302147
T10,1359.91,7,0.576970499999386,ModeA_points,ModeB_holdout_points,0.09890336103001718,1.1461476752063884
