target_label,target_mz,g_bin,g_center,baseline,compare,delta_p_success,ratio_mad_success
T02,1359.47,0,0.00569866436721068,ModeA_points,ModeB_holdout_points,-0.011363636363636354,2.6409257972568363
T02,1359.47,1,0.02876741847903696,ModeA_points,ModeB_holdout_points,-0.3173076923076923,5.2025199261019655
T02,1359.47,2,0.0889835613482258,ModeA_points,ModeB_holdout_points,0.08333333333333337,0.7917004666118754
T02,1359.47,3,0.13846613963391358,ModeA_points,ModeB_holdout_points,-0.011363636363636354,0.7077266354430486
T02,1359.47,4,0.15434882613821935,ModeA_points,ModeB_holdout_points,0.4166666666666667,1.772255729066775
T02,1359.47,5,0.1647832953661028,ModeA_points,ModeB_holdout_points,0.11363636363636365,0.7540549133496367
T02,1359.47,6,0.17120579175793643,ModeA_points,ModeB_holdout_points,0.06944444444444442,1.217818546630767
T02,1359.47,7,0.5866111563031892,ModeA_points,ModeB_holdout_points,0.059922533606744044,1.0718975566065418
