target_label,target_mz,g_bin,g_center,baseline,compare,delta_p_success,ratio_mad_success
T01,1359.8,0,0.004412881153552691,ModeA_points,ModeB_holdout_points,-0.1111111111111111,
T01,1359.8,1,0.01595734449985362,ModeA_points,ModeB_holdout_points,0.125,0.4704612862825037
T01,1359.8,2,0.06883309088167935,ModeA_points,ModeB_holdout_points,-0.125,0.38731714684881263
T01,1359.8,3,0.1263063164557513,ModeA_points,ModeB_holdout_points,-0.125,14.346337034244886
T01,1359.8,4,0.1461649808271278,ModeA_points,ModeB_holdout_points,0.125,0.0
T01,1359.8,5,0.16006722105024662,ModeA_points,ModeB_holdout_points,-0.125,0.30261059037649524
T01,1359.8,6,0.16798612839647648,ModeA_points,ModeB_holdout_points,0.22499999999999998,0.0
T01,1359.8,7,0.5853018247701445,ModeA_points,ModeB_holdout_points,0.09522702618936929,0.8116532949639038
