target_label,target_mz,g_bin,g_center,baseline,compare,delta_p_success,ratio_mad_success
T02,1359.47,0,0.00569866436721068,ModeA_points,ModeB_holdout_points,-0.19318181818181818,1.5088779551731868
T02,1359.47,1,0.02876741847903696,ModeA_points,ModeB_holdout_points,-0.4423076923076923,0.05811486682470958
T02,1359.47,2,0.0889835613482258,ModeA_points,ModeB_holdout_points,0.0,3.6508510139333725
T02,1359.47,3,0.13846613963391358,ModeA_points,ModeB_holdout_points,-0.3522727272727273,1.0431968389718644
T02,1359.47,4,0.15434882613821935,ModeA_points,ModeB_holdout_points,0.10833333333333334,0.11993262955404552
T02,1359.47,5,0.1647832953661028,ModeA_points,ModeB_holdout_points,-0.25,1.2268163088508848
T02,1359.47,6,0.17120579175793643,ModeA_points,ModeB_holdout_points,0.09722222222222221,1.8557903769461888
T02,1359.47,7,0.5866111563031892,ModeA_points,ModeB_holdout_points,0.009683299156983405,1.0191876494651135
