target_label,target_mz,g_bin,g_center,baseline,compare,delta_p_success,ratio_mad_success
T03,1359.59,0,0.005316659071309933,ModeA_points,ModeB_holdout_points,0.125,521688.43600010854
T03,1359.59,1,0.02116217298599692,ModeA_points,ModeB_holdout_points,-0.375,
T03,1359.59,2,0.0723230657588784,ModeA_points,ModeB_holdout_points,0.0,0.159544340215265
T03,1359.59,3,0.1263063164557513,ModeA_points,ModeB_holdout_points,0.375,0.8220233859737678
T03,1359.59,4,0.1461649808271278,ModeA_points,ModeB_holdout_points,0.3125,
T03,1359.59,5,0.16006722105024662,ModeA_points,ModeB_holdout_points,-0.07500000000000001,0.0
T03,1359.59,6,0.16798612839647648,ModeA_points,ModeB_holdout_points,-0.175,0.0
T03,1359.59,7,0.5853018247701445,ModeA_points,ModeB_holdout_points,0.09339841933984194,0.9453933209585457
