target_label,target_mz,g_bin,g_center,baseline,compare,delta_p_success,ratio_mad_success
T09,816.15,0,0.007481349418913531,ModeA_points,ModeB_holdout_points,0.0625,916255.7359992291
T09,816.15,1,0.027595906545903895,ModeA_points,ModeB_holdout_points,0.25,0.743567823125782
T09,816.15,2,0.07976612835461566,ModeA_points,ModeB_holdout_points,0.0,2.7259391402383213
T09,816.15,3,0.1345425418262956,ModeA_points,ModeB_holdout_points,0.3295454545454546,3.558391105250855
T09,816.15,4,0.1521911981505308,ModeA_points,ModeB_holdout_points,-0.06730769230769229,0.2576229250128069
T09,816.15,5,0.16262074072392968,ModeA_points,ModeB_holdout_points,0.19999999999999996,1.2640323623587137
T09,816.15,6,0.169817032740045,ModeA_points,ModeB_holdout_points,-0.17500000000000004,0.4630618752736556
T09,816.15,7,0.5862305215505816,ModeA_points,ModeB_holdout_points,0.1135422826729745,0.6454901711670903
