target_label,target_mz,g_bin,g_center,baseline,compare,delta_p_success,ratio_mad_success
T12,816.35,0,0.005316659071309933,ModeA_points,ModeB_holdout_points,0.0,
T12,816.35,1,0.01878667554368603,ModeA_points,ModeB_holdout_points,-0.1527777777777778,0.21155503454485813
T12,816.35,2,0.06953770812161975,ModeA_points,ModeB_holdout_points,0.125,0.7582976371342591
T12,816.35,3,0.12404036763509688,ModeA_points,ModeB_holdout_points,-0.4,0.46380508702831724
T12,816.35,4,0.1451831187542685,ModeA_points,ModeB_holdout_points,0.20833333333333337,0.22435267393452338
T12,816.35,5,0.1597959315649046,ModeA_points,ModeB_holdout_points,0.275,1.496188067606908
T12,816.35,6,0.16757412425944435,ModeA_points,ModeB_holdout_points,0.08333333333333337,0.5307517014171319
T12,816.35,7,0.5851700985125375,ModeA_points,ModeB_holdout_points,0.07965729775081476,0.9085302647800207
