target_label,target_mz,g_bin,g_center,baseline,compare,delta_p_success,ratio_mad_success
T10,1359.91,0,0.009928849964064896,ModeA_points,ModeB_holdout_points,0.07692307692307693,
T10,1359.91,1,0.06803181274226683,ModeA_points,ModeB_holdout_points,0.08333333333333334,1.83068031994208
T10,1359.91,2,0.12610395168395333,ModeA_points,ModeB_holdout_points,0.25,
T10,1359.91,3,0.14613569216716768,ModeA_points,ModeB_holdout_points,-0.02941176470588236,6.257708618921547
T10,1359.91,4,0.16006722105024662,ModeA_points,ModeB_holdout_points,-0.07500000000000001,0.0
T10,1359.91,5,0.16798612839647648,ModeA_points,ModeB_holdout_points,-0.375,0.0
T10,1359.91,6,0.17294437642361646,ModeA_points,ModeB_holdout_points,0.26785714285714285,0.0
T10,1359.91,7,0.5877227338038374,ModeA_points,ModeB_holdout_points,-0.08049194232400336,1.2179514273999532
