target_label,target_mz,g_bin,g_center,baseline,compare,delta_p_success,ratio_mad_success
T11,1529.53,0,0.0024256716107577984,ModeA_points,ModeB_holdout_points,0.0357142857142857,0.40740604113161505
T11,1529.53,1,0.009229208595182468,ModeA_points,ModeB_holdout_points,0.13636363636363635,0.05356860221001966
T11,1529.53,2,0.02056936059538888,ModeA_points,ModeB_holdout_points,0.35,
T11,1529.53,3,0.04426358077320648,ModeA_points,ModeB_holdout_points,-0.16666666666666669,0.0
T11,1529.53,4,0.09704230555599858,ModeA_points,ModeB_holdout_points,-0.08333333333333337,1.2440367093758613
T11,1529.53,5,0.1407229600705405,ModeA_points,ModeB_holdout_points,0.22058823529411764,3.0513404560268382
T11,1529.53,6,0.15656517450491197,ModeA_points,ModeB_holdout_points,-0.045454545454545414,4.231331261195375
T11,1529.53,7,0.5807614056933623,ModeA_points,ModeB_holdout_points,0.17109225294278674,0.27281145392860573
