target_label,target_mz,g_bin,g_center,baseline,compare,delta_p_success,ratio_mad_success
T06,874.45,0,0.0082424044675146,ModeA_points,ModeB_holdout_points,-0.13636363636363635,1.3375643788403273
T06,874.45,1,0.028433427589498364,ModeA_points,ModeB_holdout_points,0.25,0.08048686680112929
T06,874.45,2,0.08120003595864428,ModeA_points,ModeB_holdout_points,0.07142857142857145,1.4310254695311935
T06,874.45,3,0.1345425418262956,ModeA_points,ModeB_holdout_points,-0.125,1.0408029656190207
T06,874.45,4,0.1521911981505308,ModeA_points,ModeB_holdout_points,0.16346153846153844,0.7258894926364587
T06,874.45,5,0.16262074072392968,ModeA_points,ModeB_holdout_points,0.2,1.2987321525374935
T06,874.45,6,0.169817032740045,ModeA_points,ModeB_holdout_points,-0.04999999999999999,2.1110087557768513
T06,874.45,7,0.5862305215505816,ModeA_points,ModeB_holdout_points,-0.004082879233576031,1.0607435230164772
