target_label,target_mz,g_bin,g_center,baseline,compare,delta_p_success,ratio_mad_success
T09,816.15,0,0.007481349418913531,ModeA_points,ModeB_holdout_points,0.25,
T09,816.15,1,0.027595906545903895,ModeA_points,ModeB_holdout_points,-0.125,
T09,816.15,2,0.07976612835461566,ModeA_points,ModeB_holdout_points,0.07142857142857145,0.09247663054295034
T09,816.15,3,0.1345425418262956,ModeA_points,ModeB_holdout_points,0.11363636363636365,3.1285235396580755
T09,816.15,4,0.1521911981505308,ModeA_points,ModeB_holdout_points,-0.24038461538461542,2.6135138411312795
T09,816.15,5,0.16262074072392968,ModeA_points,ModeB_holdout_points,-0.125,2.99585763345672
T09,816.15,6,0.169817032740045,ModeA_points,ModeB_holdout_points,0.07500000000000001,4.602074157032872
T09,816.15,7,0.5862305215505816,ModeA_points,ModeB_holdout_points,-0.055342006702148616,0.7396517685315189
