target_label,target_mz,g_bin,g_center,baseline,compare,delta_p_success,ratio_mad_success
T07,874.37,0,0.008494814022412079,ModeA_points,ModeB_holdout_points,0.0,
T07,874.37,1,0.0311433155450222,ModeA_points,ModeB_holdout_points,-0.013888888888888895,
T07,874.37,2,0.0889835613482258,ModeA_points,ModeB_holdout_points,0.0,
T07,874.37,3,0.13846613963391358,ModeA_points,ModeB_holdout_points,0.03409090909090909,
T07,874.37,4,0.15434882613821935,ModeA_points,ModeB_holdout_points,0.0,
T07,874.37,5,0.1647832953661028,ModeA_points,ModeB_holdout_points,0.125,
T07,874.37,6,0.17120579175793643,ModeA_points,ModeB_holdout_points,0.0,
T07,874.37,7,0.5866111563031892,ModeA_points,ModeB_holdout_points,-0.039630880777786925,0.8381137616985734
