{
  "qlo": 0.1,
  "qhi": 0.9,
  "tic_lo": 2749457.5600848673,
  "tic_hi": 47322227.708886705
}