target_label,target_mz,g_bin,g_center,baseline,compare,delta_p_success,ratio_mad_success
T11,1529.53,0,0.0021408086099869088,ModeA_points,ModeB_points,0.3888888888888889,
T11,1529.53,1,0.006415836645672554,ModeA_points,ModeB_points,0.125,
T11,1529.53,2,0.019774010349121622,ModeA_points,ModeB_points,0.30357142857142855,
T11,1529.53,3,0.06155860160992231,ModeA_points,ModeB_points,-0.0714285714285714,1.089433446354638
T11,1529.53,4,0.09674844004369368,ModeA_points,ModeB_points,0.125,5.172696855803645
T11,1529.53,5,0.1089644432712655,ModeA_points,ModeB_points,0.5,3.1521889829717287
T11,1529.53,6,0.12578465465362998,ModeA_points,ModeB_points,0.10576923076923073,1.1022996386191144
T11,1529.53,7,0.5675387117490844,ModeA_points,ModeB_points,-0.11592861863846671,1.3031609258643022
