target_label,target_mz,g_bin,g_center,baseline,compare,delta_p_success,ratio_mad_success
T12,816.35,0,0.004536677159087012,ModeA_points,ModeB_points,-0.125,
T12,816.35,1,0.03837856448675269,ModeA_points,ModeB_points,-0.04166666666666667,
T12,816.35,2,0.0816358193331284,ModeA_points,ModeB_points,0.125,0.5172843910509523
T12,816.35,3,0.10501403164293269,ModeA_points,ModeB_points,0.35,0.9302978863649586
T12,816.35,4,0.12428785300457175,ModeA_points,ModeB_points,-0.20192307692307693,1.4513341051749422
T12,816.35,5,0.13916901305263268,ModeA_points,ModeB_points,-0.05833333333333335,2.414212261090385
T12,816.35,6,0.1514242484195237,ModeA_points,ModeB_points,-0.041666666666666685,0.9111546867864602
T12,816.35,7,0.5794386163851575,ModeA_points,ModeB_points,-0.06851506264995999,1.1140372488642478
