target_label,target_mz,g_bin,g_center,baseline,compare,delta_p_success,ratio_mad_success
T11,1529.53,0,0.0021408086099869088,ModeA_points,ModeB_points,-0.09722222222222221,0.0
T11,1529.53,1,0.006415836645672554,ModeA_points,ModeB_points,-0.5,
T11,1529.53,2,0.019774010349121622,ModeA_points,ModeB_points,-0.48214285714285715,5.238474302310806
T11,1529.53,3,0.06155860160992231,ModeA_points,ModeB_points,0.0357142857142857,1.839317694805475
T11,1529.53,4,0.09674844004369368,ModeA_points,ModeB_points,-0.375,1.4104220561501657
T11,1529.53,5,0.1089644432712655,ModeA_points,ModeB_points,0.0,0.5746450924301989
T11,1529.53,6,0.12578465465362998,ModeA_points,ModeB_points,0.0,0.9325064151285466
T11,1529.53,7,0.5675387117490844,ModeA_points,ModeB_points,-0.1635161929940515,1.1102134422360168
