target_label,target_mz,g_bin,g_center,baseline,compare,delta_p_success,ratio_mad_success
T09,816.15,0,0.007171815552931395,ModeA_points,ModeB_points,0.0,
T09,816.15,1,0.038181500435962745,ModeA_points,ModeB_points,-0.19318181818181818,2.5060460895926973
T09,816.15,2,0.07899819337937795,ModeA_points,ModeB_points,-0.13888888888888884,0.6580378402218972
T09,816.15,3,0.10516345273237146,ModeA_points,ModeB_points,-0.17500000000000004,0.26634527240859307
T09,816.15,4,0.12459349817271292,ModeA_points,ModeB_points,-0.29166666666666663,0.6656205691238196
T09,816.15,5,0.13916901305263268,ModeA_points,ModeB_points,-0.14166666666666672,2.7081745041635554
T09,816.15,6,0.15125596273601696,ModeA_points,ModeB_points,0.11693548387096775,0.9583182963441593
T09,816.15,7,0.5789640015366174,ModeA_points,ModeB_points,-0.056557169397061235,0.779506125965375
