target_label,target_mz,g_bin,g_center,baseline,compare,delta_p_success,ratio_mad_success
T01,1359.8,0,0.02856740579239219,ModeA_points,ModeB_points,-0.28409090909090906,0.3021310810026465
T01,1359.8,1,0.07843906541447432,ModeA_points,ModeB_points,0.425,1.294973999885314
T01,1359.8,2,0.10515980938415374,ModeA_points,ModeB_points,0.2,0.632516180684588
T01,1359.8,3,0.12429149635278947,ModeA_points,ModeB_points,-0.09999999999999998,1.4891459051228373
T01,1359.8,4,0.13916901305263268,ModeA_points,ModeB_points,-0.425,3.014734298384215
T01,1359.8,5,0.15052366605188,ModeA_points,ModeB_points,0.0625,5.7223589836214215
T01,1359.8,6,0.15903123329390342,ModeA_points,ModeB_points,-0.01785714285714285,2.613625693191547
T01,1359.8,7,0.5808853194327793,ModeA_points,ModeB_points,-0.13387978142076495,1.27429861503084
