target_label,target_mz,g_bin,g_center,baseline,compare,delta_p_success,ratio_mad_success
T05,816.22,0,0.0,ModeA_points,ModeB_points,0.0,1.2830879453572381
T05,816.22,1,0.0,ModeA_points,ModeB_points,0.125,1.6108386474265655
T05,816.22,2,0.0,ModeA_points,ModeB_points,0.0,0.2665465648207119
T05,816.22,3,0.0,ModeA_points,ModeB_points,0.0,1.2688461623200584
T05,816.22,4,0.00010917254494175821,ModeA_points,ModeB_points,-0.125,2.4835828359278476
T05,816.22,5,0.0005126475378999276,ModeA_points,ModeB_points,0.0,0.3145165878929342
T05,816.22,6,0.0016637555638809752,ModeA_points,ModeB_points,0.050000000000000044,1.6721582549592313
T05,816.22,7,0.5013541042561328,ModeA_points,ModeB_points,-0.053831747317270695,1.1835966658321304
