target_label,target_mz,g_bin,g_center,baseline,compare,delta_p_success,ratio_mad_success
T08,816.28,0,0.0041634804246909116,ModeA_points,ModeB_points,-0.125,
T08,816.28,1,0.023546851096294428,ModeA_points,ModeB_points,0.08333333333333333,
T08,816.28,2,0.06690455826635652,ModeA_points,ModeB_points,0.21710526315789475,1.174891556217724
T08,816.28,3,0.10333802166746439,ModeA_points,ModeB_points,-0.2272727272727273,0.19321456830626307
T08,816.28,4,0.1224173824031822,ModeA_points,ModeB_points,-0.27717391304347827,4.310500991834788
T08,816.28,5,0.137604230234845,ModeA_points,ModeB_points,0.17307692307692307,0.7895662784147113
T08,816.28,6,0.148977892139117,ModeA_points,ModeB_points,0.19256756756756754,0.5870341614641624
T08,816.28,7,0.5776966929879644,ModeA_points,ModeB_points,-0.10633181939620623,1.1555118355658842
