target_label,target_mz,g_bin,g_center,baseline,compare,delta_p_success,ratio_mad_success
T06,874.45,0,0.009376599136565869,ModeA_points,ModeB_points,0.45454545454545453,
T06,874.45,1,0.04550370612696021,ModeA_points,ModeB_points,-0.375,1.7931040502743751
T06,874.45,2,0.08390678701438341,ModeA_points,ModeB_points,0.16071428571428573,0.05517549848301291
T06,874.45,3,0.10501403164293269,ModeA_points,ModeB_points,-0.04999999999999999,1.31038102592883
T06,874.45,4,0.12428785300457175,ModeA_points,ModeB_points,0.17307692307692307,0.47803142852182495
T06,874.45,5,0.13916901305263268,ModeA_points,ModeB_points,-0.26666666666666666,1.0615069701033555
T06,874.45,6,0.15052366605188,ModeA_points,ModeB_points,-0.15625,0.978825033321617
T06,874.45,7,0.5782071625459475,ModeA_points,ModeB_points,0.05293040293040291,0.7304442425723637
