target_label,target_mz,g_bin,g_center,baseline,compare,delta_p_success,ratio_mad_success
T02,1359.47,0,0.007940820904474377,ModeA_points,ModeB_points,0.25,
T02,1359.47,1,0.03970340007685269,ModeA_points,ModeB_points,0.3194444444444444,
T02,1359.47,2,0.08142512747931963,ModeA_points,ModeB_points,0.2916666666666667,1.017618817190671
T02,1359.47,3,0.10515980938415374,ModeA_points,ModeB_points,0.35,3.1925672712816673
T02,1359.47,4,0.12429149635278947,ModeA_points,ModeB_points,-0.3,0.5535476970376076
T02,1359.47,5,0.13916901305263268,ModeA_points,ModeB_points,-0.09999999999999998,3.2104122908713113
T02,1359.47,6,0.15052366605188,ModeA_points,ModeB_points,-0.09375,9.427310336199195
T02,1359.47,7,0.5782071625459475,ModeA_points,ModeB_points,-0.06519274376417228,0.9733216481580369
