sqrts_GeV,t,F_re,F_im,sigma_tot_pred_mb,rho_pred,chiI_min,chiI_max,S_abs_max,rho_data,rho_resid,rho_unc,rho_pull
541.0,12.586838557692962,3.5405760774032653,74.66435365758683,74.66435365758683,0.0474198985722218,0.0001666417812430786,2.7887562905741166,0.9998333721027273,0.135,0.08758010142777821,0.015,5.838673428518548
1800.0,14.991083887768513,3.9325166468522297,87.17839908573185,87.17839908573185,0.045108842191343354,0.0004330425459507507,3.109768253434681,0.9995670512034396,0.14,0.09489115780865666,0.069,1.3752341711399514
13000.0,18.945409272887346,4.55482350380619,108.68620105108374,108.68620105108374,0.04190802015119999,0.001545776913207391,3.637136548814265,0.9984554171845764,0.09,0.04809197984880001,0.01,4.809197984880001
13000.0,18.945409272887346,4.55482350380619,108.68620105108374,108.68620105108374,0.04190802015119999,0.001545776913207391,3.637136548814265,0.9984554171845764,0.098,0.056091979848800017,0.011,5.099270895345456
