{
  "qlo": 0.1,
  "qhi": 0.9,
  "tic_lo": 2747400.90778743,
  "tic_hi": 37956860.85522461
}