target_label,target_mz,g_bin,g_center,baseline,compare,delta_p_success,ratio_mad_success
T04,1359.68,0,0.021992207811516912,ModeA_points,ModeB_points,0.0,
T04,1359.68,1,0.07144826296433338,ModeA_points,ModeB_points,0.0,
T04,1359.68,2,0.10449188354485281,ModeA_points,ModeB_points,0.03409090909090909,
T04,1359.68,3,0.12428785300457175,ModeA_points,ModeB_points,0.11538461538461539,
T04,1359.68,4,0.13916901305263268,ModeA_points,ModeB_points,0.03333333333333333,
T04,1359.68,5,0.15052366605188,ModeA_points,ModeB_points,0.09375,
T04,1359.68,6,0.15903123329390342,ModeA_points,ModeB_points,0.0,
T04,1359.68,7,0.5808853194327793,ModeA_points,ModeB_points,0.06284153005464482,0.7321900427846332
