target_label,target_mz,g_bin,g_center,baseline,compare,delta_p_success,ratio_mad_success
T11,1529.53,0,0.0021408086099869088,ModeA_points,ModeB_points,0.02777777777777779,9.884661004414674
T11,1529.53,1,0.006415836645672554,ModeA_points,ModeB_points,-0.25,0.0
T11,1529.53,2,0.019774010349121622,ModeA_points,ModeB_points,-0.2142857142857143,0.3019237973293958
T11,1529.53,3,0.06155860160992231,ModeA_points,ModeB_points,-0.0892857142857143,1.0927693489138872
T11,1529.53,4,0.09674844004369368,ModeA_points,ModeB_points,-0.25,1.496988462988948
T11,1529.53,5,0.1089644432712655,ModeA_points,ModeB_points,0.0,0.3175666928943136
T11,1529.53,6,0.12578465465362998,ModeA_points,ModeB_points,0.07692307692307687,1.07534741772777
T11,1529.53,7,0.5675387117490844,ModeA_points,ModeB_points,-0.14443710068296978,1.368588075827867
