target_label,target_mz,g_bin,g_center,baseline,compare,delta_p_success,ratio_mad_success
T12,816.35,0,0.004536677159087012,ModeA_points,ModeB_points,0.0,
T12,816.35,1,0.03837856448675269,ModeA_points,ModeB_points,-0.04166666666666667,
T12,816.35,2,0.0816358193331284,ModeA_points,ModeB_points,0.125,0.5255791587958638
T12,816.35,3,0.10501403164293269,ModeA_points,ModeB_points,0.25,0.18418978456754212
T12,816.35,4,0.12428785300457175,ModeA_points,ModeB_points,-0.3269230769230769,1.8722181719245343
T12,816.35,5,0.13916901305263268,ModeA_points,ModeB_points,-0.1166666666666667,1.1126717744244228
T12,816.35,6,0.1514242484195237,ModeA_points,ModeB_points,0.1527777777777778,1.1882394172121364
T12,816.35,7,0.5794386163851575,ModeA_points,ModeB_points,-0.06767084333066742,0.983053308821112
