target_label,target_mz,g_bin,g_center,baseline,compare,delta_p_success,ratio_mad_success
T08,816.28,0,0.0041634804246909116,ModeA_points,ModeB_points,-0.125,
T08,816.28,1,0.023546851096294428,ModeA_points,ModeB_points,0.16666666666666666,
T08,816.28,2,0.06690455826635652,ModeA_points,ModeB_points,-0.08552631578947367,0.0
T08,816.28,3,0.10333802166746439,ModeA_points,ModeB_points,-0.4204545454545454,0.0
T08,816.28,4,0.1224173824031822,ModeA_points,ModeB_points,-0.32065217391304346,1.8714787475430368
T08,816.28,5,0.137604230234845,ModeA_points,ModeB_points,0.05769230769230771,1.2907503799518008
T08,816.28,6,0.148977892139117,ModeA_points,ModeB_points,0.030405405405405428,0.5403207237768071
T08,816.28,7,0.5776966929879644,ModeA_points,ModeB_points,-0.09720709426827512,1.2715307835172083
