target_label,target_mz,g_bin,g_center,baseline,compare,delta_p_success,ratio_mad_success
T01,1359.8,0,0.027082235149997733,ModeA_points,ModeB_holdout_points,-0.06818181818181818,0.030126956371667055
T01,1359.8,1,0.08094841052660336,ModeA_points,ModeB_holdout_points,0.14285714285714285,0.615653375667864
T01,1359.8,2,0.11317008475376072,ModeA_points,ModeB_holdout_points,0.25,0.5891119889523516
T01,1359.8,3,0.1284757816883324,ModeA_points,ModeB_holdout_points,0.046052631578947345,3.4361500891019547
T01,1359.8,4,0.1403827790511029,ModeA_points,ModeB_holdout_points,0.125,0.5312581002211423
T01,1359.8,5,0.14886098784471125,ModeA_points,ModeB_holdout_points,0.5271739130434783,
T01,1359.8,6,0.1555160814909291,ModeA_points,ModeB_holdout_points,0.15441176470588236,1.2868520419535066
T01,1359.8,7,0.5792964013078373,ModeA_points,ModeB_holdout_points,0.02801120448179273,0.9558429061670771
