target_label,target_mz,g_bin,g_center,baseline,compare,delta_p_success,ratio_mad_success
T06,874.45,0,0.0082424044675146,ModeA_points,ModeB_holdout_points,-0.2272727272727273,1.3594216395029495
T06,874.45,1,0.028433427589498364,ModeA_points,ModeB_holdout_points,0.375,0.2336166233762262
T06,874.45,2,0.08120003595864428,ModeA_points,ModeB_holdout_points,0.19642857142857145,0.5381515326743734
T06,874.45,3,0.1345425418262956,ModeA_points,ModeB_holdout_points,-0.041666666666666685,0.44135308108269183
T06,874.45,4,0.1521911981505308,ModeA_points,ModeB_holdout_points,0.24038461538461536,2.4285119690000525
T06,874.45,5,0.16262074072392968,ModeA_points,ModeB_holdout_points,0.25,1.4729834038462961
T06,874.45,6,0.169817032740045,ModeA_points,ModeB_holdout_points,0.07500000000000001,9.665291350367069
T06,874.45,7,0.5862305215505816,ModeA_points,ModeB_holdout_points,-0.05386507209335967,1.128359716500162
