target_label,target_mz,g_bin,g_center,baseline,compare,delta_p_success,ratio_mad_success
T11,1529.53,0,0.0024256716107577984,ModeA_points,ModeB_holdout_points,0.0357142857142857,0.5494065032881803
T11,1529.53,1,0.009229208595182468,ModeA_points,ModeB_holdout_points,0.13636363636363635,0.9701128677975192
T11,1529.53,2,0.02056936059538888,ModeA_points,ModeB_holdout_points,0.375,
T11,1529.53,3,0.04426358077320648,ModeA_points,ModeB_holdout_points,0.08333333333333331,0.13404732110038614
T11,1529.53,4,0.09704230555599858,ModeA_points,ModeB_holdout_points,-0.375,0.9374674222218351
T11,1529.53,5,0.1407229600705405,ModeA_points,ModeB_holdout_points,0.1029411764705882,2.8764836619355765
T11,1529.53,6,0.15656517450491197,ModeA_points,ModeB_holdout_points,0.17045454545454547,4.963782916879304
T11,1529.53,7,0.5807614056933623,ModeA_points,ModeB_holdout_points,0.17763482069531888,0.7303545398797353
