target_label,target_mz,g_bin,g_center,baseline,compare,delta_p_success,ratio_mad_success
T09,816.15,0,0.007481349418913531,ModeA_points,ModeB_holdout_points,0.1875,3.274287602599817
T09,816.15,1,0.027595906545903895,ModeA_points,ModeB_holdout_points,0.25,
T09,816.15,2,0.07976612835461566,ModeA_points,ModeB_holdout_points,-0.1428571428571429,0.7182458761943052
T09,816.15,3,0.1345425418262956,ModeA_points,ModeB_holdout_points,0.1477272727272727,3.0011551969918715
T09,816.15,4,0.1521911981505308,ModeA_points,ModeB_holdout_points,0.05769230769230771,0.24930137827935964
T09,816.15,5,0.16262074072392968,ModeA_points,ModeB_holdout_points,-0.050000000000000044,1.4819599993053696
T09,816.15,6,0.169817032740045,ModeA_points,ModeB_holdout_points,-0.17500000000000004,0.5128317547071547
T09,816.15,7,0.5862305215505816,ModeA_points,ModeB_holdout_points,0.06968263355016746,0.8342260237202789
