target_label,target_mz,g_bin,g_center,baseline,compare,delta_p_success,ratio_mad_success
T01,1359.8,0,0.004412881153552691,ModeA_points,ModeB_holdout_points,-0.1111111111111111,
T01,1359.8,1,0.01595734449985362,ModeA_points,ModeB_holdout_points,0.125,
T01,1359.8,2,0.06883309088167935,ModeA_points,ModeB_holdout_points,0.16666666666666669,0.5075288110126782
T01,1359.8,3,0.1263063164557513,ModeA_points,ModeB_holdout_points,-0.375,5.556857901403998
T01,1359.8,4,0.1461649808271278,ModeA_points,ModeB_holdout_points,0.25,0.3932087964998431
T01,1359.8,5,0.16006722105024662,ModeA_points,ModeB_holdout_points,0.025000000000000022,2.0800239666470577
T01,1359.8,6,0.16798612839647648,ModeA_points,ModeB_holdout_points,0.425,0.657840701457193
T01,1359.8,7,0.5853018247701445,ModeA_points,ModeB_holdout_points,0.11484580815124745,0.8274398776608192
