target_label,target_mz,g_bin,g_center,baseline,compare,delta_p_success,ratio_mad_success
T05,816.22,0,0.0,ModeA_points,ModeB_holdout_points,0.0,0.5811485020619416
T05,816.22,1,0.0,ModeA_points,ModeB_holdout_points,0.0,1.3241217839500636
T05,816.22,2,0.0,ModeA_points,ModeB_holdout_points,0.0,2.3101335292614427
T05,816.22,3,0.0,ModeA_points,ModeB_holdout_points,0.0,0.7214009615751706
T05,816.22,4,0.000346313614917381,ModeA_points,ModeB_holdout_points,0.0,1.2193535798602468
T05,816.22,5,0.0016839747538813258,ModeA_points,ModeB_holdout_points,0.0,0.5211690521505685
T05,816.22,6,0.0034036786689778187,ModeA_points,ModeB_holdout_points,0.0625,0.9278724513524641
T05,816.22,7,0.5022270932836347,ModeA_points,ModeB_holdout_points,0.021683673469387765,0.8459073838648472
