target_label,target_mz,g_bin,g_center,baseline,compare,delta_p_success,ratio_mad_success
T02,1359.47,0,0.00569866436721068,ModeA_points,ModeB_holdout_points,-0.40909090909090906,0.0
T02,1359.47,1,0.02876741847903696,ModeA_points,ModeB_holdout_points,-0.14423076923076922,0.4391785436536503
T02,1359.47,2,0.0889835613482258,ModeA_points,ModeB_holdout_points,-0.08333333333333337,0.538159619959104
T02,1359.47,3,0.13846613963391358,ModeA_points,ModeB_holdout_points,-0.3522727272727273,0.5121141959716288
T02,1359.47,4,0.15434882613821935,ModeA_points,ModeB_holdout_points,0.175,1.386798337813808
T02,1359.47,5,0.1647832953661028,ModeA_points,ModeB_holdout_points,0.011363636363636354,0.9480922864738902
T02,1359.47,6,0.17120579175793643,ModeA_points,ModeB_holdout_points,-0.04166666666666663,0.7891366791852471
T02,1359.47,7,0.5866111563031892,ModeA_points,ModeB_holdout_points,0.05809979494190021,0.9795506033199399
