target_label,target_mz,g_bin,g_center,baseline,compare,delta_p_success,ratio_mad_success
T01,1359.8,0,0.004412881153552691,ModeA_points,ModeB_holdout_points,-0.2222222222222222,
T01,1359.8,1,0.01595734449985362,ModeA_points,ModeB_holdout_points,0.0,
T01,1359.8,2,0.06883309088167935,ModeA_points,ModeB_holdout_points,0.08333333333333331,0.36227565106228043
T01,1359.8,3,0.1263063164557513,ModeA_points,ModeB_holdout_points,-0.5,1.4500149108151006
T01,1359.8,4,0.1461649808271278,ModeA_points,ModeB_holdout_points,0.25,0.7070162438716994
T01,1359.8,5,0.16006722105024662,ModeA_points,ModeB_holdout_points,0.15000000000000002,2.1786098884712457
T01,1359.8,6,0.16798612839647648,ModeA_points,ModeB_holdout_points,0.3,0.2173908204813913
T01,1359.8,7,0.5853018247701445,ModeA_points,ModeB_holdout_points,0.09728808306214165,0.7807766913432089
