target_label,target_mz,g_bin,g_center,baseline,compare,delta_p_success,ratio_mad_success
T06,874.45,0,0.0082424044675146,ModeA_points,ModeB_holdout_points,-0.26136363636363635,3.193616428998684
T06,874.45,1,0.028433427589498364,ModeA_points,ModeB_holdout_points,0.25,0.09876289412275076
T06,874.45,2,0.08120003595864428,ModeA_points,ModeB_holdout_points,0.01785714285714285,0.5280546583271488
T06,874.45,3,0.1345425418262956,ModeA_points,ModeB_holdout_points,-0.041666666666666685,0.3885461268336388
T06,874.45,4,0.1521911981505308,ModeA_points,ModeB_holdout_points,0.11538461538461536,1.8783036713199754
T06,874.45,5,0.16262074072392968,ModeA_points,ModeB_holdout_points,0.25,1.6735493219453634
T06,874.45,6,0.169817032740045,ModeA_points,ModeB_holdout_points,0.07500000000000001,1.702485145614071
T06,874.45,7,0.5862305215505816,ModeA_points,ModeB_holdout_points,-0.07641735384417547,1.1147021630439706
