target_label,target_mz,g_bin,g_center,baseline,compare,delta_p_success,ratio_mad_success
T03,1359.59,0,0.005316659071309933,ModeA_points,ModeB_holdout_points,0.25,5.892880103455416
T03,1359.59,1,0.02116217298599692,ModeA_points,ModeB_holdout_points,-0.18055555555555558,0.4538173608829359
T03,1359.59,2,0.0723230657588784,ModeA_points,ModeB_holdout_points,-0.1964285714285714,0.35638593374361
T03,1359.59,3,0.1263063164557513,ModeA_points,ModeB_holdout_points,0.5,0.5226737100174429
T03,1359.59,4,0.1461649808271278,ModeA_points,ModeB_holdout_points,0.3125,
T03,1359.59,5,0.16006722105024662,ModeA_points,ModeB_holdout_points,0.024999999999999994,0.0
T03,1359.59,6,0.16798612839647648,ModeA_points,ModeB_holdout_points,-0.1,
T03,1359.59,7,0.5853018247701445,ModeA_points,ModeB_holdout_points,0.08626995196032852,0.8334533448991451
