{
  "kind": "GKSL_PREDICTIVE_V3 init report",
  "train_runs": [
    "01_11",
    "02_54",
    "03_43"
  ],
  "holdout_runs": [],
  "gamma_km_inv": 1.0,
  "profile_form": "tilt_abs_quad",
  "profile_scope": "by_channel",
  "gksl": {
    "dm2": 0.0025,
    "theta_deg": 45.0,
    "L0_km": 1.0,
    "E_GeV": 1.0,
    "steps": 320,
    "gamma_km_inv": 1.0,
    "use_microphysics": false,
    "n_cm3": 1e+18,
    "visibility_ref": 0.9,
    "v_cm_s": 30000000000.0
  },
  "fit_report": {
    "pp": {
      "n_samples": 192,
      "fit": {
        "tilt": -5.626154536153219e-05,
        "linear_km": 0.0,
        "abs_km": 0.020354967810109918,
        "quad_km": 0.0
      }
    },
    "p0": {
      "n_samples": 192,
      "fit": {
        "tilt": 0.001550109514944131,
        "linear_km": 0.0,
        "abs_km": 0.0,
        "quad_km": 0.0031222241218386154
      }
    },
    "0p": {
      "n_samples": 192,
      "fit": {
        "tilt": -0.005916650728374397,
        "linear_km": 0.0,
        "abs_km": 0.003753322235185911,
        "quad_km": 0.0
      }
    }
  },
  "window_eval": {
    "01_11": {
      "slot6": {
        "pp": {
          "00": {
            "pred": 2.834784766214682e-05,
            "emp": 2.8347847662092812e-05,
            "delta": 5.400682071693419e-17
          },
          "01": {
            "pred": 2.938315947398351e-05,
            "emp": 2.938315947397667e-05,
            "delta": 6.8406380820257295e-18
          },
          "10": {
            "pred": 2.7373877993563944e-05,
            "emp": 2.7373877993610165e-05,
            "delta": -4.622089386577266e-17
          },
          "11": {
            "pred": 1.9120509386905127e-07,
            "emp": 1.9120509388534593e-07,
            "delta": -1.6294663973906594e-17
          }
        },
        "p0": {
          "00": {
            "pred": 1.3622454940298567e-05,
            "emp": 1.3622454940268938e-05,
            "delta": 2.9629212494955426e-17
          },
          "01": {
            "pred": 1.2919671957156709e-05,
            "emp": 1.2919671957207793e-05,
            "delta": -5.1084557048906853e-17
          },
          "10": {
            "pred": 0.00010511043418148791,
            "emp": 0.00010511043418148783,
            "delta": 8.131516293641283e-20
          },
          "11": {
            "pred": 0.00013163275682170905,
            "emp": 0.00013163275682169284,
            "delta": 1.620882247865829e-17
          }
        },
        "0p": {
          "00": {
            "pred": 1.3317387043243478e-05,
            "emp": 1.3317387043243104e-05,
            "delta": 3.7438856268640075e-19
          },
          "01": {
            "pred": 0.00011071490001479667,
            "emp": 0.00011071490001476433,
            "delta": 3.233632979438017e-17
          },
          "10": {
            "pred": 1.4063314883627775e-05,
            "emp": 1.4063314883666156e-05,
            "delta": -3.838075690598686e-17
          },
          "11": {
            "pred": 0.0001378110714178593,
            "emp": 0.00013781107141786308,
            "delta": -3.767602549387128e-18
          }
        }
      },
      "slots5_7": {
        "pp": {
          "00": {
            "pred": 8.389882360937406e-05,
            "emp": 8.504354298627844e-05,
            "delta": -1.144719376904374e-06
          },
          "01": {
            "pred": 8.696286311726809e-05,
            "emp": 8.811427495610655e-05,
            "delta": -1.1514118388384665e-06
          },
          "10": {
            "pred": 8.101632248735946e-05,
            "emp": 8.319699365757642e-05,
            "delta": -2.180671170216961e-06
          },
          "11": {
            "pred": 5.659099144850188e-07,
            "emp": 7.528700571735497e-07,
            "delta": -1.8696014268853086e-07
          }
        },
        "p0": {
          "00": {
            "pred": 4.078191099443629e-05,
            "emp": 4.22519037380779e-05,
            "delta": -1.4699927436416147e-06
          },
          "01": {
            "pred": 3.867799773715763e-05,
            "emp": 3.888809524630938e-05,
            "delta": -2.1009750915174688e-07
          },
          "10": {
            "pred": 0.000314643215410082,
            "emp": 0.0003110537607191853,
            "delta": 3.589454690896719e-06
          },
          "11": {
            "pred": 0.0003940261302620707,
            "emp": 0.0003918150883261773,
            "delta": 2.211041935893353e-06
          }
        },
        "0p": {
          "00": {
            "pred": 3.985231465941652e-05,
            "emp": 3.9471092522880886e-05,
            "delta": 3.8122213653563535e-07
          },
          "01": {
            "pred": 0.0003312824327170727,
            "emp": 0.00033166358601137246,
            "delta": -3.811532942997616e-07
          },
          "10": {
            "pred": 4.208447430886775e-05,
            "emp": 4.149693508153998e-05,
            "delta": 5.87539227327767e-07
          },
          "11": {
            "pred": 0.0004123487713635354,
            "emp": 0.00041616983715982327,
            "delta": -3.821065796287841e-06
          }
        }
      },
      "slots4_8": {
        "pp": {
          "00": {
            "pred": 0.00013832748328612698,
            "emp": 0.00014176270507177373,
            "delta": -3.435221785646743e-06
          },
          "01": {
            "pred": 0.00014337914948769903,
            "emp": 0.0001459770382812579,
            "delta": -2.5978887935588677e-06
          },
          "10": {
            "pred": 0.00013357510927092253,
            "emp": 0.0001386258107734025,
            "delta": -5.05070150247998e-06
          },
          "11": {
            "pred": 9.330645963645523e-07,
            "emp": 1.386236930668758e-06,
            "delta": -4.531723343042057e-07
          }
        },
        "p0": {
          "00": {
            "pred": 6.768752893149266e-05,
            "emp": 7.03298836451094e-05,
            "delta": -2.6423547136167482e-06
          },
          "01": {
            "pred": 6.41956163370816e-05,
            "emp": 6.547844643162534e-05,
            "delta": -1.28283009454374e-06
          },
          "10": {
            "pred": 0.0005221798849101011,
            "emp": 0.0005163040776874242,
            "delta": 5.8758072226769605e-06
          },
          "11": {
            "pred": 0.0006539061039032568,
            "emp": 0.0006554271612022303,
            "delta": -1.5210572989734963e-06
          }
        },
        "0p": {
          "00": {
            "pred": 6.628852209655811e-05,
            "emp": 6.630533408049937e-05,
            "delta": -1.6811983941260648e-08
          },
          "01": {
            "pred": 0.0005509867650111966,
            "emp": 0.0005539500037092718,
            "delta": -2.963238698075227e-06
          },
          "10": {
            "pred": 7.00013427447077e-05,
            "emp": 6.973110081654688e-05,
            "delta": 2.702419281608228e-07
          },
          "11": {
            "pred": 0.0006857973045950594,
            "emp": 0.0006954009761426354,
            "delta": -9.603671547575967e-06
          }
        }
      }
    },
    "02_54": {
      "slot6": {
        "pp": {
          "00": {
            "pred": 2.6468599856221964e-05,
            "emp": 2.6468599856229164e-05,
            "delta": -7.199780051661553e-18
          },
          "01": {
            "pred": 2.676507837107156e-05,
            "emp": 2.6765078371016455e-05,
            "delta": 5.510457541657576e-17
          },
          "10": {
            "pred": 2.7792533900061756e-05,
            "emp": 2.7792533900115088e-05,
            "delta": -5.3332582490919767e-17
          },
          "11": {
            "pred": 2.5532414682505333e-07,
            "emp": 2.553241467705325e-07,
            "delta": 5.452081089723994e-17
          }
        },
        "p0": {
          "00": {
            "pred": 1.2645236133090876e-05,