{
  "best_config": {
    "config_id": "scope=by_channel|form=tilt_abs_quad|L0=1|gamma=1",
    "profile_scope": "by_channel",
    "profile_form": "tilt_abs_quad",
    "L0_km": 1.0,
    "gamma_km_inv": 1.0,
    "mae_all_per_1M": 0.07666643286546582,
    "mae_wide_per_1M": 0.11499964928704273,
    "rmse_wide_per_1M": 0.12950280298789263,
    "slot6_mae_per_1M": 2.231199253133198e-11,
    "sign_rate": 1.0,
    "gamma_shift_mean_per_1M": 0.2051240066481576,
    "dynamic_sensitive": "YES"
  },
  "top10": [
    {
      "config_id": "scope=by_channel|form=tilt_abs_quad|L0=1|gamma=1",
      "profile_scope": "by_channel",
      "profile_form": "tilt_abs_quad",
      "L0_km": 1.0,
      "gamma_km_inv": 1.0,
      "mae_all_per_1M": 0.07666643286546582,
      "mae_wide_per_1M": 0.11499964928704273,
      "rmse_wide_per_1M": 0.12950280298789263,
      "slot6_mae_per_1M": 2.231199253133198e-11,
      "sign_rate": 1.0,
      "gamma_shift_mean_per_1M": 0.2051240066481576,
      "dynamic_sensitive": "YES"
    },
    {
      "config_id": "scope=by_channel|form=linear_abs_quad|L0=1|gamma=1",
      "profile_scope": "by_channel",
      "profile_form": "linear_abs_quad",
      "L0_km": 1.0,
      "gamma_km_inv": 1.0,
      "mae_all_per_1M": 0.08350032508029823,
      "mae_wide_per_1M": 0.12525048760929136,
      "rmse_wide_per_1M": 0.1433468530692743,
      "slot6_mae_per_1M": 2.231199253133198e-11,
      "sign_rate": 1.0,
      "gamma_shift_mean_per_1M": 0.15252850033006363,
      "dynamic_sensitive": "YES"
    },
    {
      "config_id": "scope=by_channel|form=abs_quad|L0=1|gamma=1",
      "profile_scope": "by_channel",
      "profile_form": "abs_quad",
      "L0_km": 1.0,
      "gamma_km_inv": 1.0,
      "mae_all_per_1M": 0.08442568853110821,
      "mae_wide_per_1M": 0.12663853278550632,
      "rmse_wide_per_1M": 0.13223324094041472,
      "slot6_mae_per_1M": 2.231199253133198e-11,
      "sign_rate": 1.0,
      "gamma_shift_mean_per_1M": 0.1883597403857239,
      "dynamic_sensitive": "YES"
    },
    {
      "config_id": "scope=by_channel|form=linear_abs_quad|L0=1|gamma=0",
      "profile_scope": "by_channel",
      "profile_form": "linear_abs_quad",
      "L0_km": 1.0,
      "gamma_km_inv": 0.0,
      "mae_all_per_1M": 0.17025316672063204,
      "mae_wide_per_1M": 0.2553797500697921,
      "rmse_wide_per_1M": 0.36048514876970195,
      "slot6_mae_per_1M": 2.231199253133198e-11,
      "sign_rate": 1.0,
      "gamma_shift_mean_per_1M": 0.0,
      "dynamic_sensitive": "NO"
    },
    {
      "config_id": "scope=by_channel|form=tilt_quad|L0=1000|gamma=0.0001",
      "profile_scope": "by_channel",
      "profile_form": "tilt_quad",
      "L0_km": 1000.0,
      "gamma_km_inv": 0.0001,
      "mae_all_per_1M": 0.19409290118791614,
      "mae_wide_per_1M": 0.2911393517707182,
      "rmse_wide_per_1M": 0.410930359648001,
      "slot6_mae_per_1M": 2.231199253133198e-11,
      "sign_rate": 1.0,
      "gamma_shift_mean_per_1M": 0.021551584747134207,
      "dynamic_sensitive": "YES"
    },
    {
      "config_id": "scope=by_channel|form=tilt_abs|L0=1000|gamma=0.001",
      "profile_scope": "by_channel",
      "profile_form": "tilt_abs",
      "L0_km": 1000.0,
      "gamma_km_inv": 0.001,
      "mae_all_per_1M": 0.20130909933573535,
      "mae_wide_per_1M": 0.301963648992447,
      "rmse_wide_per_1M": 0.42700959201853794,
      "slot6_mae_per_1M": 2.231199253133198e-11,
      "sign_rate": 1.0,
      "gamma_shift_mean_per_1M": 0.019796717997935087,
      "dynamic_sensitive": "NO"
    },
    {
      "config_id": "scope=by_channel|form=tilt_quad|L0=1000|gamma=0.001",
      "profile_scope": "by_channel",
      "profile_form": "tilt_quad",
      "L0_km": 1000.0,
      "gamma_km_inv": 0.001,
      "mae_all_per_1M": 0.20695298623243935,
      "mae_wide_per_1M": 0.31042947933750303,
      "rmse_wide_per_1M": 0.42805117782938706,
      "slot6_mae_per_1M": 2.231199253133198e-11,
      "sign_rate": 1.0,
      "gamma_shift_mean_per_1M": 0.00703198833144388,
      "dynamic_sensitive": "NO"
    },
    {
      "config_id": "scope=by_channel|form=tilt_abs|L0=1000|gamma=0.01",
      "profile_scope": "by_channel",
      "profile_form": "tilt_abs",
      "L0_km": 1000.0,
      "gamma_km_inv": 0.01,
      "mae_all_per_1M": 0.21246703855900137,
      "mae_wide_per_1M": 0.3187005578273461,
      "rmse_wide_per_1M": 0.4362477420323476,
      "slot6_mae_per_1M": 2.231199253133198e-11,
      "sign_rate": 1.0,
      "gamma_shift_mean_per_1M": 0.0013931468560884435,
      "dynamic_sensitive": "NO"
    },
    {
      "config_id": "scope=by_channel|form=tilt_abs_quad|L0=0.001|gamma=0",
      "profile_scope": "by_channel",
      "profile_form": "tilt_abs_quad",
      "L0_km": 0.001,
      "gamma_km_inv": 0.0,
      "mae_all_per_1M": 0.21254467124353782,
      "mae_wide_per_1M": 0.31881700685415076,
      "rmse_wide_per_1M": 0.43573815708763525,
      "slot6_mae_per_1M": 2.231199253133198e-11,
      "sign_rate": 1.0,
      "gamma_shift_mean_per_1M": 0.0,
      "dynamic_sensitive": "NO"
    },
    {
      "config_id": "scope=by_channel|form=tilt_abs_quad|L0=1|gamma=0",
      "profile_scope": "by_channel",
      "profile_form": "tilt_abs_quad",
      "L0_km": 1.0,
      "gamma_km_inv": 0.0,
      "mae_all_per_1M": 0.21254467124353782,
      "mae_wide_per_1M": 0.31881700685415076,
      "rmse_wide_per_1M": 0.43573815708763525,
      "slot6_mae_per_1M": 2.231199253133198e-11,
      "sign_rate": 1.0,
      "gamma_shift_mean_per_1M": 0.0,
      "dynamic_sensitive": "NO"
    }
  ]
}