{
  "defaults": {
    "bridge_version": "GKSL_WINDOWFIT_V1 (holdout bridge)",
    "center_slot": 6,
    "profile_scope": "by_channel",
    "profile_form": "abs_quad",
    "train_runs": [
      "01_11",
      "02_54",
      "03_43"
    ],
    "holdout_runs": [],
    "gksl": {
      "dm2": 0.0025,
      "theta_deg": 45.0,
      "L0_km": 1000.0,
      "E_GeV": 1.0,
      "steps": 320,
      "gamma_km_inv": 0.01,
      "use_microphysics": false
    },
    "profiles": {
      "pp": {
        "tilt": 0.0,
        "linear_km": 0.0,
        "abs_km": 0.0,
        "quad_km": 0.0
      },
      "p0": {
        "tilt": 0.0,
        "linear_km": 0.0,
        "abs_km": 0.0,
        "quad_km": 0.0
      },
      "0p": {
        "tilt": 0.0,
        "linear_km": 0.0,
        "abs_km": 10.0,
        "quad_km": 10.0
      }
    }
  },
  "runs": {
    "01_11": {
      "p_pp_seed_by_setting": {
        "00": 2.8347847662092812e-05,
        "01": 2.938315947397667e-05,
        "10": 2.7373877993610165e-05,
        "11": 1.9120509388534593e-07
      },
      "p_p0_seed_by_setting": {
        "00": 1.3622454940268938e-05,
        "01": 1.2919671957207793e-05,
        "10": 0.00010511043418148783,
        "11": 0.00013163275682169284
      },
      "p_0p_seed_by_setting": {
        "00": 1.3317387043243104e-05,
        "01": 0.00011071490001476433,
        "10": 1.4063314883666156e-05,
        "11": 0.00013781107141786308
      }
    },
    "02_54": {
      "p_pp_seed_by_setting": {
        "00": 2.6468599856229164e-05,
        "01": 2.6765078371016455e-05,
        "10": 2.7792533900115088e-05,
        "11": 2.553241467705325e-07
      },
      "p_p0_seed_by_setting": {
        "00": 1.2645236133094645e-05,
        "01": 1.2587245220705465e-05,
        "10": 9.547668359608441e-05,
        "11": 0.00012216278407020865
      },
      "p_0p_seed_by_setting": {
        "00": 1.5610190568028325e-05,
        "01": 0.00010609810597109458,
        "10": 1.3473977565709504e-05,
        "11": 0.00013176690005257713
      }
    },
    "03_43": {
      "p_pp_seed_by_setting": {
        "00": 2.9228219349312645e-05,
        "01": 3.0998898418664025e-05,
        "10": 2.8652552277459512e-05,
        "11": 3.361184355882797e-07
      },
      "p_p0_seed_by_setting": {
        "00": 1.2766348681308972e-05,
        "01": 1.3818786042055048e-05,
        "10": 0.00010254401043236813,
        "11": 0.0001347087996852139
      },
      "p_0p_seed_by_setting": {
        "00": 1.7805696844983565e-05,
        "01": 0.00011245503992602094,
        "10": 1.4606451030621472e-05,
        "11": 0.0001387795674051164
      }
    }
  }
}