{
  "defaults": {
    "bridge_version": "PARAMMODEL v5.1 (calibrated bridge; direct CH channels)",
    "window_union_mode": "anchored_alpha_beta"
  },
  "runs": {
    "01_11": {
      "bridge_version": "PARAMMODEL v5.1 (calibrated bridge; direct CH channels)",
      "window_union_mode": "anchored_alpha_beta",
      "p_pp_1slot_by_setting": {
        "00": 2.8347847662092812e-05,
        "01": 2.938315947397667e-05,
        "10": 2.7373877993610165e-05,
        "11": 1.9120509388534593e-07
      },
      "p_p0_1slot_by_setting": {
        "00": 1.3622454940268938e-05,
        "01": 1.2919671957207793e-05,
        "10": 0.00010511043418148783,
        "11": 0.00013163275682169284
      },
      "p_0p_1slot_by_setting": {
        "00": 1.3317387043243104e-05,
        "01": 0.00011071490001476433,
        "10": 1.4063314883666156e-05,
        "11": 0.00013781107141786308
      },
      "alpha_pp_by_setting": {
        "00": 1.00004252438141,
        "01": 0.9994449920144326,
        "10": 1.0196844958214428,
        "11": 1.46875055308884
      },
      "beta_pp_by_setting": {
        "00": 0.00011766615836139582,
        "01": -0.003679899758355476,
        "10": -0.001786517057617898,
        "11": 0.04687526504562456
      },
      "alpha_p0_by_setting": {
        "00": 1.0508404603289243,
        "01": 1.0050150004087754,
        "10": 0.9798045506594273,
        "11": 0.9884823652807091
      },
      "beta_p0_by_setting": {
        "00": -0.005053094020705418,
        "01": 0.006024135322914792,
        "10": -0.0007740603262281764,
        "11": 0.003323168344292582
      },
      "alpha_0p_by_setting": {
        "00": 0.9819577056337732,
        "01": 0.9979927501341341,
        "10": 0.9753813253679173,
        "11": 1.0101391076385318
      },
      "beta_0p_by_setting": {
        "00": 0.0063944648475139365,
        "01": 0.0015662369905402596,
        "10": 0.007122681256901409,
        "11": 0.0008621065070939515
      },
      "alpha_pair": 1.0098635101014264,
      "beta_pair": -0.000834425449628251
    },
    "02_54": {
      "bridge_version": "PARAMMODEL v5.1 (calibrated bridge; direct CH channels)",
      "window_union_mode": "anchored_alpha_beta",
      "p_pp_1slot_by_setting": {
        "00": 2.6468599856229164e-05,
        "01": 2.6765078371016455e-05,
        "10": 2.7792533900115088e-05,
        "11": 2.553241467705325e-07
      },
      "p_p0_1slot_by_setting": {
        "00": 1.2645236133094645e-05,
        "01": 1.2587245220705465e-05,
        "10": 9.547668359608441e-05,
        "11": 0.00012216278407020865
      },
      "p_0p_1slot_by_setting": {
        "00": 1.5610190568028325e-05,
        "01": 0.00010609810597109458,
        "10": 1.3473977565709504e-05,
        "11": 0.00013176690005257713
      },
      "alpha_pp_by_setting": {
        "00": 0.9774121086484964,
        "01": 1.0304897544344898,
        "10": 0.9975680213748876,
        "11": 0.9615388200344157
      },
      "beta_pp_by_setting": {
        "00": 0.0032585729280169007,
        "01": -7.75087949299591e-05,
        "10": 0.009644017071880229,
        "11": 0.06730788966793566
      },
      "alpha_p0_by_setting": {
        "00": 1.0582506658124113,
        "01": 0.9680366085814285,
        "10": 1.0084768595492566,
        "11": 1.02117046387617
      },
      "beta_p0_by_setting": {
        "00": -0.007757355903223795,
        "01": -0.00545461951244719,
        "10": 0.002209549316553261,
        "11": -0.000599839867280183
      },
      "alpha_0p_by_setting": {
        "00": 0.9635440257882562,
        "01": 0.9917357094271211,
        "10": 0.9737802698838649,
        "11": 1.012647796844148
      },
      "beta_0p_by_setting": {
        "00": -0.007540432600915414,
        "01": -0.002123557207384663,
        "10": -0.008376028263926916,
        "11": -0.0020763441383622183
      },
      "alpha_pair": 0.987490065011692,
      "beta_pair": 0.006451294999948565
    },
    "03_31": {
      "bridge_version": "PARAMMODEL v5.1 (calibrated bridge; direct CH channels)",
      "window_union_mode": "anchored_alpha_beta",
      "p_pp_1slot_by_setting": {
        "00": 0.0,
        "01": 0.0,
        "10": 0.0,
        "11": 0.0
      },
      "p_p0_1slot_by_setting": {
        "00": 0.0,
        "01": 0.0,
        "10": 0.0,
        "11": 0.0
      },
      "p_0p_1slot_by_setting": {
        "00": 0.0,
        "01": 0.0,
        "10": 0.0,
        "11": 0.0
      },
      "alpha_pp_by_setting": {
        "00": 1.0,
        "01": 1.0,
        "10": 1.0,
        "11": 1.0
      },
      "beta_pp_by_setting": {
        "00": 0.0,
        "01": 0.0,
        "10": 0.0,
        "11": 0.0
      },
      "alpha_p0_by_setting": {
        "00": 1.0,
        "01": 1.0,
        "10": 1.0,
        "11": 1.0
      },
      "beta_p0_by_setting": {
        "00": 0.0,
        "01": 0.0,
        "10": 0.0,
        "11": 0.0
      },
      "alpha_0p_by_setting": {
        "00": 1.0,
        "01": 1.0,
        "10": 1.0,
        "11": 1.0
      },
      "beta_0p_by_setting": {
        "00": 0.0,
        "01": 0.0,
        "10": 0.0,
        "11": 0.0
      },
      "alpha_pair": 1.0,
      "beta_pair": 0.0
    },
    "03_43": {
      "bridge_version": "PARAMMODEL v5.1 (calibrated bridge; direct CH channels)",
      "window_union_mode": "anchored_alpha_beta",
      "p_pp_1slot_by_setting": {
        "00": 2.9228219349312645e-05,
        "01": 3.0998898418664025e-05,
        "10": 2.8652552277459512e-05,
        "11": 3.361184355882797e-07
      },
      "p_p0_1slot_by_setting": {
        "00": 1.2766348681308972e-05,
        "01": 1.3818786042055048e-05,
        "10": 0.00010254401043236813,
        "11": 0.0001347087996852139
      },
      "p_0p_1slot_by_setting": {
        "00": 1.7805696844983565e-05,
        "01": 0.00011245503992602094,
        "10": 1.4606451030621472e-05,
        "11": 0.0001387795674051164
      },
      "alpha_pp_by_setting": {
        "00": 0.9994052288462671,
        "01": 0.9584770684129991,
        "10": 1.0235127358387652,
        "11": 1.1666673199555602
      },
      "beta_pp_by_setting": {
        "00": 0.006401138143528051,
        "01": -0.0034500792665198565,
        "10": 0.012891559933827179,
        "11": 0.04166697012130394
      },
      "alpha_p0_by_setting": {
        "00": 1.149147000551256,
        "01": 0.9621816035171307,
        "10": 1.0167337209852831,
        "11": 0.9635944647296757
      },
      "beta_p0_by_setting": {
        "00": -0.03032975470552013,
        "01": 0.0023714041793851948,
        "10": -0.0036372309603502906,
        "11": 0.004050213684099302
      },
      "alpha_0p_by_setting": {
        "00": 0.967530522914368,
        "01": 1.000500932659927,
        "10": 1.0179253821263516,
        "11": 1.0112454476789339
      },
      "beta_0p_by_setting": {
        "00": -0.018861032978398473,
        "01": 0.0015100422173646155,
        "10": -0.011502144555449734,
        "11": 0.0022588573904265274
      },
      "alpha_pair": 1.0114589823425162,
      "beta_pair": 0.009646349038677615
    }
  }
}