{
  "defaults": {},
  "runs": {
    "01_11": {
      "window_union_mode": "union",
      "gamma_window": 0.0,
      "alpha_pair": 1.0098635101014264,
      "p_pair_1slot_by_setting": {
        "00": 2.8347847662092812e-05,
        "01": 2.938315947397667e-05,
        "10": 2.7373877993610165e-05,
        "11": 1.9120509388534593e-07
      },
      "pA0_u_1slot": 1.2919671957207793e-05,
      "pA1_u_1slot": 0.00011837159550159034,
      "pB0_u_1slot": 1.4063314883666156e-05,
      "pB1_u_1slot": 0.00012426298571631373
    },
    "02_54": {
      "window_union_mode": "union",
      "gamma_window": 0.0,
      "alpha_pair": 0.987490065011692,
      "p_pair_1slot_by_setting": {
        "00": 2.6468599856229164e-05,
        "01": 2.6765078371016455e-05,
        "10": 2.7792533900115088e-05,
        "11": 2.553241467705325e-07
      },
      "pA0_u_1slot": 1.2587245220705465e-05,
      "pA1_u_1slot": 0.00010881973383314653,
      "pB0_u_1slot": 1.3473977565709504e-05,
      "pB1_u_1slot": 0.00011893250301183586
    },
    "03_31": {
      "window_union_mode": "union",
      "gamma_window": 0.0,
      "alpha_pair": 1.0,
      "p_pair_1slot_by_setting": {
        "00": 0.0,
        "01": 0.0,
        "10": 0.0,
        "11": 0.0
      },
      "pA0_u_1slot": 0.0,
      "pA1_u_1slot": 0.0,
      "pB0_u_1slot": 0.0,
      "pB1_u_1slot": 0.0
    },
    "03_43": {
      "window_union_mode": "union",
      "gamma_window": 0.0,
      "alpha_pair": 1.0114589823425162,
      "p_pair_1slot_by_setting": {
        "00": 2.9228219349312645e-05,
        "01": 3.0998898418664025e-05,
        "10": 2.8652552277459512e-05,
        "11": 3.361184355882797e-07
      },
      "pA0_u_1slot": 1.3818786042055048e-05,
      "pA1_u_1slot": 0.000118626405058791,
      "pB0_u_1slot": 1.4606451030621472e-05,
      "pB1_u_1slot": 0.00012561730366556867
    }
  }
}