{
  "kind": "PARAMMODEL v5.1 channel report",
  "note": "Calibrated bridge using slot6 + slots5-7 + slots4-8 empirical CH channels. Not holdout.",
  "runs": {
    "01_11": {
      "run_id": "01_11",
      "pp": {
        "00": {
          "p1": 2.8347847662092812e-05,
          "p3": 8.504354298627844e-05,
          "p5": 0.00014176270507177373,
          "eff3": 3.00008504876282,
          "eff5": 5.001111426792531,
          "alpha": 1.00004252438141,
          "beta": 0.00011766615836139582
        },
        "01": {
          "p1": 2.938315947397667e-05,
          "p3": 8.811427495610655e-05,
          "p5": 0.0001459770382812579,
          "eff3": 2.998889984028865,
          "eff5": 4.968340769990887,
          "alpha": 0.9994449920144326,
          "beta": -0.003679899758355476
        },
        "10": {
          "p1": 2.7373877993610165e-05,
          "p3": 8.319699365757642e-05,
          "p5": 0.0001386258107734025,
          "eff3": 3.0393689916428857,
          "eff5": 5.064445846824828,
          "alpha": 1.0196844958214428,
          "beta": -0.001786517057617898
        },
        "11": {
          "p1": 1.9120509388534593e-07,
          "p3": 7.528700571735497e-07,
          "p5": 1.386236930668758e-06,
          "eff3": 3.93750110617768,
          "eff5": 7.250004332720357,
          "alpha": 1.46875055308884,
          "beta": 0.04687526504562456
        }
      },
      "p0": {
        "00": {
          "p1": 1.3622454940268938e-05,
          "p3": 4.22519037380779e-05,
          "p5": 7.03298836451094e-05,
          "eff3": 3.1016809206578486,
          "eff5": 5.162937089150054,
          "alpha": 1.0508404603289243,
          "beta": -0.005053094020705418
        },
        "01": {
          "p1": 1.2919671957207793e-05,
          "p3": 3.888809524630938e-05,
          "p5": 6.547844643162534e-05,
          "eff3": 3.010030000817551,
          "eff5": 5.06825308421842,
          "alpha": 1.0050150004087754,
          "beta": 0.006024135322914792
        },
        "10": {
          "p1": 0.00010511043418148783,
          "p3": 0.0003110537607191853,
          "p5": 0.0005163040776874242,
          "eff3": 2.9596091013188546,
          "eff5": 4.913025720027884,
          "alpha": 0.9798045506594273,
          "beta": -0.0007740603262281764
        },
        "11": {
          "p1": 0.00013163275682169284,
          "p3": 0.0003918150883261773,
          "p5": 0.0006554271612022303,
          "eff3": 2.976964730561418,
          "eff5": 4.980514807877177,
          "alpha": 0.9884823652807091,
          "beta": 0.003323168344292582
        }
      },
      "0p": {
        "00": {
          "p1": 1.3317387043243104e-05,
          "p3": 3.9471092522880886e-05,
          "p5": 6.630533408049937e-05,
          "eff3": 2.9639154112675463,
          "eff5": 4.978986541315204,
          "alpha": 0.9819577056337732,
          "beta": 0.0063944648475139365
        },
        "01": {
          "p1": 0.00011071490001476433,
          "p3": 0.00033166358601137246,
          "p5": 0.0005539500037092718,
          "eff3": 2.9959855002682683,
          "eff5": 5.004500896460859,
          "alpha": 0.9979927501341341,
          "beta": 0.0015662369905402596
        },
        "10": {
          "p1": 1.4063314883666156e-05,
          "p3": 4.149693508153998e-05,
          "p5": 6.973110081654688e-05,
          "eff3": 2.9507626507358347,
          "eff5": 4.958506751526881,
          "alpha": 0.9753813253679173,
          "beta": 0.007122681256901409
        },
        "11": {
          "p1": 0.00013781107141786308,
          "p3": 0.00041616983715982327,
          "p5": 0.0006954009761426354,
          "eff3": 3.0202782152770635,
          "eff5": 5.047453282610879,
          "alpha": 1.0101391076385318,
          "beta": 0.0008621065070939515
        }
      },
      "median_alpha_pair": 1.0098635101014264,
      "median_beta_pair": -0.000834425449628251
    },
    "02_54": {
      "run_id": "02_54",
      "pp": {
        "00": {
          "p1": 2.6468599856229164e-05,
          "p3": 7.820803651881362e-05,
          "p5": 0.000130634714275588,
          "eff3": 2.9548242172969927,
          "eff5": 4.935717018018121,
          "alpha": 0.9774121086484964,
          "beta": 0.0032585729280169007
        },
        "01": {
          "p1": 2.6765078371016455e-05,
          "p3": 8.192509681869454e-05,
          "p5": 0.0001370654783783528,
          "eff3": 3.0609795088689795,
          "eff5": 5.121338947378519,
          "alpha": 1.0304897544344898,
          "beta": -7.75087949299591e-05
        },
        "10": {
          "p1": 2.7792533900115088e-05,
          "p3": 8.324011213334823e-05,
          "p5": 0.00014082859933839235,
          "eff3": 2.9951360427497753,
          "eff5": 5.067424222074592,
          "alpha": 0.9975680213748876,
          "beta": 0.009644017071880229
        },
        "11": {
          "p1": 2.553241467705325e-07,
          "p3": 7.463321213292489e-07,
          "p5": 1.374822328764406e-06,
          "eff3": 2.9230776400688314,
          "eff5": 5.384618397481148,
          "alpha": 0.9615388200344157,
          "beta": 0.06730788966793566
        }
      },
      "p0": {
        "00": {
          "p1": 1.2645236133094645e-05,
          "p3": 3.9408367886833775e-05,
          "p5": 6.538608124721299e-05,
          "eff3": 3.1165013316248227,
          "eff5": 5.170943816023855,
          "alpha": 1.0582506658124113,
          "beta": -0.007757355903223795
        },
        "01": {
          "p1": 1.2587245220705465e-05,
          "p3": 3.695662325330372e-05,
          "p5": 6.077616842134698e-05,
          "eff3": 2.936073217162857,
          "eff5": 4.828509478226136,
          "alpha": 0.9680366085814285,
          "beta": -0.00545461951244719
        },
        "10": {
          "p1": 9.547668359608441e-05,
          "p3": 0.00028802100149207606,
          "p5": 0.00048221519419203217,
          "eff3": 3.016953719098513,
          "eff5": 5.051583832729452,
          "alpha": 1.0084768595492566,
          "beta": 0.002209549316553261
        },
        "11": {
          "p1": 0.00012216278407020865,
          "p3": 0.0003716144754650189,
          "p5": 0.0006204180363334117,
          "eff3": 3.04234092775234,
          "eff5": 5.079883136566439,
          "alpha": 1.02117046387617,
          "beta": -0.000599839867280183
        }
      },
      "0p": {
        "00": {
          "p1": 1.5610190568028325e-05,
          "p3": 4.56917150337131e-05,
          "p5": 7.483073742736598e-05,
          "eff3": 2.9270880515765123,
          "eff5": 4.793852642345701,
          "alpha": 0.9635440257882562,
          "beta": -0.007540432600915414
        },
        "01": {
          "p1": 0.00010609810597109458,
          "p3": 0.00031650736110348,
          "p5": 0.0005250707487620023,
          "eff3": 2.983471418854242,
          "eff5": 4.949954380049407,
          "alpha": 0.9917357094271211,
          "beta": -0.002123557207384663
        },
        "10": {
          "p1": 1.3473977565709504e-05,
          "p3": 3.9714843495429475e-05,
          "p5": 6.505220655631178e-05,
          "eff3": 2.94756053976773,
          "eff5": 4.828112853424044,
          "alpha": 0.9737802698838649,
          "beta": -0.008376028263926916
        },
        "11": {
          "p1": 0.00013176690005257713,
          "p3": 0.00039858063342778364,
          "p5": 0.00066313573012002,
          "eff3": 3.025295593688296,
          "eff5": 5.0339804342696945,
          "alpha": 1.012647796844148,
          "beta": -0.0020763441383622183
        }
      },
      "median_alpha_pair": 0.987490065011692,
      "median_beta_pair": 0.006451294999948565
    },
    "03_31": {
      "run_id": "03_31",
      "pp": {
        "00": {
          "p1": 0.0,
          "p3": 0.0,
          "p5": 0.0,
          "eff3": 3.0,
          "eff5": 5.0,
          "alpha": 1.0,
          "beta": 0.0
        },
        "01": {
          "p1": 0.0,