{
  "alpha_pair_by_run": {
    "01_11": {
      "median": 1.006575673400951,
      "per_setting": {
        "00": 1.0000283495876068,
        "01": 0.9996299946762884,
        "10": 1.0131229972142952,
        "11": 1.3125003687258934
      }
    },
    "02_54": {
      "median": 0.9916600433411279,
      "per_setting": {
        "00": 0.9849414057656641,
        "01": 1.0203265029563264,
        "10": 0.9983786809165917,
        "11": 0.974359213356277
      }
    },
    "03_31": {
      "median": 1.0,
      "per_setting": {}
    },
    "03_43": {
      "median": 1.0076393215616775,
      "per_setting": {
        "00": 0.9996034858975115,
        "01": 0.9723180456086661,
        "10": 1.0156751572258436,
        "11": 1.11111154663704
      }
    }
  }
}