{
  "alpha_pair_by_run": {
    "01_11": {
      "median": 1.0098635101014264,
      "per_setting": {
        "00": 1.00004252438141,
        "01": 0.9994449920144326,
        "10": 1.0196844958214428,
        "11": 1.46875055308884
      }
    },
    "02_54": {
      "median": 0.987490065011692,
      "per_setting": {
        "00": 0.9774121086484964,
        "01": 1.0304897544344898,
        "10": 0.9975680213748876,
        "11": 0.9615388200344157
      }
    },
    "03_31": {
      "median": 1.0,
      "per_setting": {}
    },
    "03_43": {
      "median": 1.0114589823425162,
      "per_setting": {
        "00": 0.9994052288462671,
        "01": 0.9584770684129991,
        "10": 1.0235127358387652,
        "11": 1.1666673199555602
      }
    }
  }
}